資料区分,都道府県コード,警察署等コード,本票番号,事故内容,死者数,負傷者数,路線コード,上下線,地点コード,市区町村コード,昼夜,天候,地形,路面状態,道路形状,環状交差点の直径,信号機,一時停止規制　標識（当事者A）,一時停止規制　表示（当事者A）,一時停止規制　標識（当事者B）,一時停止規制　表示（当事者B）,車道幅員,道路線形,衝突地点,ゾーン規制,中央分離帯施設等,歩車道区分,事故類型,年齢（当事者A）,年齢（当事者B）,当事者種別（当事者A）,当事者種別（当事者B）,用途別（当事者A）,用途別（当事者B）,車両形状（当事者A）,車両形状（当事者B）,速度規制（指定のみ）（当事者A）,速度規制（指定のみ）（当事者B）,車両の衝突部位（当事者A）,車両の衝突部位（当事者B）,車両の損壊程度（当事者A）,車両の損壊程度（当事者B）,エアバッグの装備（当事者A）,エアバッグの装備（当事者B）,サイドエアバッグの装備（当事者A）,サイドエアバッグの装備（当事者B）,人身損傷程度（当事者A）,人身損傷程度（当事者B）,曜日(発生年月日),祝日(発生年月日),緯度,経度,発生日,発生時,color
本票,大阪,南堺,0008,負傷,0,1,30990,対象外,0000,145,昼－昼,曇,市街地－人口集中,舗装－乾燥,単路－その他,環状交差点以外 環状交差点以外をいう。,施設なし,対象外当事者,その他,対象外当事者,その他,単路－5.5m以上,直線－平坦,単路（交差点付近を含む）,規制なし,中央線－ペイント,区分あり－縁石・ブロック等,車両相互,35～44歳,35～44歳,乗用車－普通車,乗用車－軽自動車,自家用,自家用,乗用車,乗用車,50㎞／ｈ以下,50㎞／ｈ以下,前-無,後-無,小破,小破,その他,その他,その他,その他,損傷なし,負傷,木,その他,34.492830,135.469685,2019-01-10,08:54,blue
本票,大阪,南堺,0009,負傷,0,1,30990,対象外,0000,145,昼－昼,晴,市街地－人口集中,舗装－乾燥,単路－その他,環状交差点以外 環状交差点以外をいう。,施設なし,対象外当事者,その他,対象外当事者,その他,単路－3.5m未満,直線－上り,単路（交差点付近を含む）,規制なし,中央線－ペイント,区分あり－縁石・ブロック等,車両相互,35～44歳,65～74歳,乗用車－普通車,二輪車－原付自転車,自家用,自家用,乗用車,対象外当事者,40㎞／ｈ以下,指定の速度規制なし等,右-無,左-無,小破,小破,その他,対象外当事者,その他,対象外当事者,損傷なし,負傷,火,その他,34.483450,135.490946,2019-01-08,11:00,blue
本票,大阪,南堺,0010,負傷,0,1,10240,対象外,1420,145,昼－昼,晴,市街地－人口集中,舗装－乾燥,単路－その他,環状交差点以外 環状交差点以外をいう。,施設なし,対象外当事者,その他,対象外当事者,その他,単路－5.5m以上,直線－平坦,単路（交差点付近を含む）,規制なし,中央分離なし,区分なし,車両相互,25～34歳,45～54歳,貨物車－大型車,乗用車－普通車,事業用,自家用,貨物車,乗用車,60㎞／ｈ以下,60㎞／ｈ以下,左前-無,右前-無,小破,中破,その他,装備あり 作動,その他,その他,損傷なし,負傷,木,その他,34.500507,135.533599,2019-01-10,11:30,blue
本票,大阪,南堺,0011,負傷,0,1,30990,対象外,0000,145,昼－昼,晴,市街地－人口集中,舗装－乾燥,単路－その他,環状交差点以外 環状交差点以外をいう。,施設なし,対象外当事者,その他,対象外当事者,その他,単路－3.5m未満,直線－上り,単路（交差点付近を含む）,規制なし,中央線－ペイント,区分あり－縁石・ブロック等,車両相互,65～74歳,65～74歳,貨物車－軽自動車,軽車両－自転車,自家用,対象外当事者,貨物車,対象外当事者,40㎞／ｈ以下,対象外当事者,前-無,右-無,小破,小破,その他,対象外当事者,その他,対象外当事者,損傷なし,負傷,火,その他,34.483566,135.491263,2019-01-08,10:58,blue
本票,大阪,南堺,0012,負傷,0,1,30990,対象外,0000,145,昼－明,晴,市街地－人口集中,舗装－乾燥,交差点－その他,環状交差点以外 環状交差点以外をいう。,施設なし,規制なし,表示なし,規制なし,表示なし,交差点－大（13.0ｍ以上）－小,直線－平坦,交差点内,ゾーン30,中央分離なし,区分なし,車両相互,25～34歳,25～34歳,乗用車－普通車,二輪車－原付自転車,自家用,自家用,乗用車,対象外当事者,30㎞／ｈ以下,30㎞／ｈ以下,左-無,前-無,小破,小破,その他,対象外当事者,その他,対象外当事者,損傷なし,負傷,木,その他,34.510538,135.494624,2019-01-17,07:15,blue
本票,大阪,南堺,0013,負傷,0,1,30990,対象外,0000,145,昼－昼,晴,市街地－その他,舗装－乾燥,交差点－その他,環状交差点以外 環状交差点以外をいう。,施設なし,標準－反射式,表示あり,規制なし,表示なし,交差点－中（5.5m以上）－中,直線－平坦,交差点内,規制なし,中央分離なし,区分あり－縁石・ブロック等,車両相互,35～44歳,25～34歳,乗用車－普通車,二輪車－原付自転車,自家用,自家用,乗用車,対象外当事者,20㎞／ｈ以下,指定の速度規制なし等,右前-無,左-無,小破,小破,その他,対象外当事者,その他,対象外当事者,損傷なし,負傷,木,その他,34.493298,135.488237,2019-01-17,08:24,blue
本票,大阪,南堺,0014,負傷,0,1,30990,対象外,0000,145,昼－昼,晴,市街地－人口集中,舗装－乾燥,交差点－その他,環状交差点以外 環状交差点以外をいう。,施設なし,規制なし,表示なし,規制なし,表示なし,交差点－小（5.5m未満）－小,直線－平坦,交差点内,規制なし,中央分離なし,区分なし,車両相互,55～64歳,0～24歳,乗用車－軽自動車,二輪車－自動二輪－原付二種－51～125cc,自家用,自家用,乗用車,対象外当事者,指定の速度規制なし等,指定の速度規制なし等,右前-無,前-無,小破,小破,その他,対象外当事者,その他,対象外当事者,損傷なし,負傷,木,その他,34.495665,135.488293,2019-01-17,14:00,blue
本票,大阪,南堺,0015,負傷,0,1,10370,対象外,0000,145,昼－昼,晴,市街地－その他,舗装－乾燥,交差点－その他,環状交差点以外 環状交差点以外をいう。,施設なし,標準－反射式,表示あり,規制なし,表示なし,交差点－中（5.5m以上）－中,直線－平坦,交差点内,規制なし,中央分離なし,区分あり－縁石・ブロック等,車両相互,65～74歳,0～24歳,乗用車－普通車,軽車両－自転車,自家用,対象外当事者,乗用車,対象外当事者,指定の速度規制なし等,対象外当事者,左前-無,右-無,小破,小破,その他,対象外当事者,その他,対象外当事者,損傷なし,負傷,土,その他,34.488701,135.498203,2019-01-19,08:48,blue
本票,大阪,南堺,0016,負傷,0,1,10600,対象外,0023,145,昼－暮,晴,市街地－人口集中,舗装－乾燥,単路－その他,環状交差点以外 環状交差点以外をいう。,施設なし,対象外当事者,その他,対象外当事者,その他,単路－9.0m以上,直線－平坦,単路（交差点付近を含む）,規制なし,中央分離なし,区分あり－防護柵等,車両相互,65～74歳,0～24歳,乗用車－普通車,二輪車－原付自転車,自家用,自家用,乗用車,対象外当事者,60㎞／ｈ以下,30㎞／ｈ以下,右前-無,左-前,小破,小破,その他,対象外当事者,その他,対象外当事者,損傷なし,負傷,日,前日,34.487018,135.493441,2019-01-13,16:40,blue
本票,大阪,南堺,0017,負傷,0,3,30990,対象外,0000,145,夜－夜,晴,市街地－人口集中,舗装－乾燥,単路－その他,環状交差点以外 環状交差点以外をいう。,施設なし,対象外当事者,その他,対象外当事者,その他,単路－3.5m以上,直線－平坦,単路（交差点付近を含む）,ゾーン30,中央線－ペイント,区分あり－縁石・ブロック等,車両相互,35～44歳,65～74歳,乗用車－普通車,乗用車－軽自動車,自家用,自家用,乗用車,乗用車,50㎞／ｈ以下,50㎞／ｈ以下,前-無,後-無,小破,小破,その他,その他,その他,その他,損傷なし,負傷,金,その他,34.491695,135.468021,2019-01-18,22:53,blue
本票,大阪,南堺,0018,負傷,0,1,20260,対象外,0780,145,昼－昼,晴,市街地－人口集中,舗装－乾燥,交差点付近－その他,環状交差点以外 環状交差点以外をいう。,施設なし,対象外当事者,その他,対象外当事者,その他,単路－5.5m以上,直線－平坦,単路（交差点付近を含む）,規制なし,中央線－ペイント,区分あり－縁石・ブロック等,車両相互,55～64歳,35～44歳,乗用車－普通車,乗用車－普通車,自家用,自家用,乗用車,乗用車,50㎞／ｈ以下,50㎞／ｈ以下,前-無,後-無,小破,小破,その他,その他,その他,その他,損傷なし,負傷,土,その他,34.464811,135.488458,2019-01-19,14:42,blue
本票,大阪,南堺,0019,負傷,0,1,30990,対象外,0000,145,昼－昼,曇,市街地－人口集中,舗装－乾燥,単路－その他,環状交差点以外 環状交差点以外をいう。,施設なし,対象外当事者,その他,対象外当事者,その他,単路－5.5m以上,直線－平坦,単路（交差点付近を含む）,規制なし,中央分離帯,区分あり－縁石・ブロック等,車両相互,25～34歳,35～44歳,乗用車－普通車,乗用車－軽自動車,自家用,自家用,乗用車,乗用車,40㎞／ｈ以下,40㎞／ｈ以下,前-無,後-無,小破,小破,その他,その他,その他,その他,損傷なし,損傷なし,日,その他,34.495166,135.517865,2019-01-20,14:10,blue
本票,大阪,南堺,0020,負傷,0,1,30990,対象外,0000,145,夜－夜,晴,市街地－人口集中,舗装－乾燥,交差点－その他,環状交差点以外 環状交差点以外をいう。,点灯－押ボタン式,規制なし,表示なし,対象外当事者,その他,交差点－中（5.5m以上）－小,直線－平坦,交差点内,規制なし,中央分離帯,区分あり－防護柵等,人対車両,55～64歳,75歳以上,二輪車－原付自転車,歩行者,自家用,対象外当事者,対象外当事者,対象外当事者,指定の速度規制なし等,対象外当事者,前-無,無-無,小破,対象外当事者,対象外当事者,対象外当事者,対象外当事者,対象外当事者,損傷なし,負傷,日,前日,34.475201,135.475550,2019-01-13,18:27,blue
本票,大阪,南堺,0021,負傷,0,1,30990,対象外,0000,145,昼－昼,晴,市街地－その他,舗装－乾燥,交差点－その他,環状交差点以外 環状交差点以外をいう。,点灯－３灯式,規制なし,表示なし,規制なし,表示なし,交差点－中（5.5m以上）－中,直線－平坦,交差点内,規制なし,中央分離なし,区分あり－縁石・ブロック等,車両相互,55～64歳,0～24歳,乗用車－普通車,軽車両－自転車,自家用,対象外当事者,乗用車,対象外当事者,40㎞／ｈ以下,対象外当事者,左前-無,前-無,小破,小破,その他,対象外当事者,その他,対象外当事者,損傷なし,負傷,土,その他,34.509940,135.497679,2019-01-19,08:37,blue
本票,大阪,南堺,0022,負傷,0,2,10600,対象外,0044,145,夜－夜,晴,市街地－その他,舗装－乾燥,単路－その他,環状交差点以外 環状交差点以外をいう。,施設なし,対象外当事者,その他,対象外当事者,その他,単路－5.5m以上,直線－下り,単路（交差点付近を含む）,規制なし,中央分離なし,区分あり－縁石・ブロック等,車両相互,55～64歳,45～54歳,乗用車－軽自動車,乗用車－軽自動車,自家用,自家用,乗用車,乗用車,60㎞／ｈ以下,60㎞／ｈ以下,右前-無,左後-無,小破,小破,その他,その他,その他,その他,損傷なし,負傷,月,その他,34.473878,135.474899,2019-01-21,18:18,blue
本票,大阪,南堺,0023,負傷,0,1,99000,対象外,0000,145,夜－暮,晴,市街地－その他,舗装－乾燥,一般交通の場所,環状交差点以外 環状交差点以外をいう。,施設なし,対象外当事者,その他,対象外当事者,その他,一般交通の場所,一般交通の場所,その他,規制なし,一般交通の場所,区分なし,車両相互,25～34歳,65～74歳,乗用車－普通車,二輪車－原付自転車,自家用,自家用,乗用車,対象外当事者,指定の速度規制なし等,指定の速度規制なし等,右-無,右-無,小破,小破,その他,対象外当事者,その他,対象外当事者,損傷なし,負傷,月,その他,34.486226,135.495173,2019-01-21,17:59,blue
本票,大阪,南堺,0024,負傷,0,1,20580,対象外,0000,145,夜－夜,曇,市街地－その他,舗装－乾燥,交差点－その他,環状交差点以外 環状交差点以外をいう。,施設なし,標準－反射式,表示あり,規制なし,表示なし,交差点－中（5.5m以上）－中,直線－平坦,交差点内,規制なし,中央分離なし,区分あり－縁石・ブロック等,車両相互,35～44歳,35～44歳,乗用車－普通車,二輪車－自動二輪－軽二輪－126～250cc,自家用,自家用,乗用車,対象外当事者,20㎞／ｈ以下,40㎞／ｈ以下,左前-無,前-無,小破,小破,その他,対象外当事者,その他,対象外当事者,損傷なし,負傷,金,その他,34.497822,135.478143,2019-01-25,18:45,blue
本票,大阪,南堺,0025,負傷,0,1,30990,対象外,0000,145,昼－昼,晴,市街地－その他,舗装－乾燥,単路－その他,環状交差点以外 環状交差点以外をいう。,施設なし,対象外当事者,その他,対象外当事者,その他,単路－3.5m以上,直線－平坦,単路（交差点付近を含む）,規制なし,中央分離なし,区分なし,車両相互,45～54歳,0～24歳,乗用車－軽自動車,二輪車－原付自転車,自家用,自家用,乗用車,対象外当事者,20㎞／ｈ以下,20㎞／ｈ以下,右-無,左-無,小破,小破,その他,対象外当事者,その他,対象外当事者,損傷なし,負傷,月,その他,34.499571,135.476869,2019-01-21,15:30,blue
本票,大阪,南堺,0026,負傷,0,1,10370,対象外,0000,145,昼－昼,晴,市街地－人口集中,舗装－乾燥,交差点－その他,環状交差点以外 環状交差点以外をいう。,施設なし,標準－反射式,表示あり,規制なし,表示なし,交差点－大（13.0ｍ以上）－小,直線－平坦,交差点内,規制なし,中央分離帯,区分あり－防護柵等,車両相互,35～44歳,0～24歳,乗用車－普通車,軽車両－自転車,自家用,対象外当事者,乗用車,対象外当事者,30㎞／ｈ以下,対象外当事者,前-無,前-無,小破,小破,その他,対象外当事者,その他,対象外当事者,損傷なし,負傷,木,その他,34.507017,135.489597,2019-01-24,16:07,blue
本票,大阪,南堺,0027,負傷,0,1,30990,対象外,0000,145,夜－暮,曇,市街地－人口集中,舗装－乾燥,交差点－その他,環状交差点以外 環状交差点以外をいう。,施設なし,標準－反射式,表示なし,規制なし,表示なし,交差点－小（5.5m未満）－小,直線－上り,交差点内,規制なし,中央分離なし,区分なし,車両相互,55～64歳,0～24歳,乗用車－普通車,二輪車－自動二輪－軽二輪－126～250cc,自家用,自家用,乗用車,対象外当事者,20㎞／ｈ以下,20㎞／ｈ以下,右前-無,前-無,小破,小破,その他,対象外当事者,その他,対象外当事者,損傷なし,負傷,日,その他,34.480841,135.519175,2019-01-27,17:38,blue
本票,大阪,南堺,0028,負傷,0,1,30990,対象外,0000,145,昼－昼,晴,市街地－人口集中,舗装－乾燥,単路－その他,環状交差点以外 環状交差点以外をいう。,施設なし,対象外当事者,その他,対象外当事者,その他,単路－5.5m以上,直線－平坦,単路（交差点付近を含む）,規制なし,中央分離なし,区分なし,車両相互,55～64歳,0～24歳,乗用車－軽自動車,二輪車－原付自転車,自家用,自家用,乗用車,対象外当事者,指定の速度規制なし等,指定の速度規制なし等,前-無,前-無,小破,小破,その他,対象外当事者,その他,対象外当事者,損傷なし,負傷,火,その他,34.496298,135.479039,2019-01-29,15:37,blue
本票,大阪,南堺,0029,負傷,0,1,10240,対象外,0110,145,夜－明,晴,市街地－人口集中,舗装－乾燥,単路－その他,環状交差点以外 環状交差点以外をいう。,施設なし,対象外当事者,その他,対象外当事者,その他,単路－5.5m以上,直線－平坦,単路（交差点付近を含む）,規制なし,中央分離帯,区分なし,車両相互,25～34歳,55～64歳,乗用車－軽自動車,貨物車－軽自動車,自家用,自家用,乗用車,貨物車,60㎞／ｈ以下,60㎞／ｈ以下,右後-後,左前-無,小破,小破,その他,その他,その他,その他,負傷,損傷なし,月,その他,34.506099,135.510708,2019-01-28,06:10,blue
本票,大阪,南堺,0030,負傷,0,1,30990,対象外,0000,145,夜－暮,晴,市街地－人口集中,舗装－乾燥,交差点－その他,環状交差点以外 環状交差点以外をいう。,点灯－３灯式,規制なし,表示なし,対象外当事者,その他,交差点－中（5.5m以上）－小,直線－平坦,交差点内,規制なし,中央分離帯,区分あり－縁石・ブロック等,人対車両,35～44歳,35～44歳,乗用車－普通車,歩行者,自家用,対象外当事者,乗用車,対象外当事者,60㎞／ｈ以下,対象外当事者,前-無,無-無,小破,対象外当事者,その他,対象外当事者,その他,対象外当事者,損傷なし,負傷,月,その他,34.470254,135.494204,2019-01-28,17:39,blue
本票,大阪,せたな,0093,負傷,0,1,30990,対象外,0000,142,夜－夜,晴,市街地－人口集中,舗装－乾燥,交差点－その他,環状交差点以外 環状交差点以外をいう。,施設なし,標準－反射式,表示あり,標準－反射式,表示あり,交差点－中（5.5m以上）－小,直線－平坦,交差点内,規制なし,中央分離なし,区分あり－路側帯,車両相互,55～64歳,55～64歳,乗用車－軽自動車,二輪車－原付自転車,自家用,自家用,乗用車,対象外当事者,40㎞／ｈ以下,指定の速度規制なし等,右前-無,前-無,小破,小破,その他,対象外当事者,その他,対象外当事者,損傷なし,負傷,水,その他,34.522481,135.488397,2019-01-02,18:25,blue
本票,大阪,せたな,0095,負傷,0,1,30990,対象外,0000,144,昼－昼,晴,市街地－その他,舗装－乾燥,単路－その他,環状交差点以外 環状交差点以外をいう。,施設なし,対象外当事者,その他,対象外当事者,その他,単路－5.5m以上,直線－下り,単路（交差点付近を含む）,規制なし,中央分離帯,区分あり－縁石・ブロック等,車両相互,75歳以上,25～34歳,乗用車－普通車,軽車両－自転車,自家用,対象外当事者,乗用車,対象外当事者,50㎞／ｈ以下,対象外当事者,前-無,右-無,小破,小破,その他,対象外当事者,その他,対象外当事者,損傷なし,負傷,土,その他,34.539510,135.468700,2019-02-02,10:05,blue
本票,大阪,せたな,0096,負傷,0,1,10030,対象外,0000,144,夜－夜,晴,市街地－その他,舗装－乾燥,交差点付近－その他,環状交差点以外 環状交差点以外をいう。,点灯－３灯式,対象外当事者,その他,対象外当事者,その他,単路－5.5m以上,直線－平坦,単路（交差点付近を含む）,規制なし,中央線－ペイント,区分あり－縁石・ブロック等,車両相互,35～44歳,35～44歳,乗用車－普通車,乗用車－普通車,自家用,自家用,乗用車,乗用車,40㎞／ｈ以下,40㎞／ｈ以下,前-無,後-無,小破,小破,その他,その他,その他,その他,損傷なし,負傷,土,その他,34.539078,135.463414,2019-02-02,20:13,blue
本票,大阪,せたな,0097,負傷,0,1,00260,対象外,0000,144,夜－夜,晴,市街地－人口集中,舗装－乾燥,単路－その他,環状交差点以外 環状交差点以外をいう。,施設なし,対象外当事者,その他,対象外当事者,その他,単路－13.0m以上,直線－平坦,単路（交差点付近を含む）,規制なし,中央分離帯,区分あり－縁石・ブロック等,車両相互,55～64歳,25～34歳,乗用車－軽自動車,二輪車－原付自転車,自家用,自家用,乗用車,対象外当事者,60㎞／ｈ以下,指定の速度規制なし等,左前-無,前-無,小破,小破,その他,対象外当事者,その他,対象外当事者,損傷なし,負傷,水,その他,34.532159,135.452658,2019-01-30,19:01,blue
本票,大阪,せたな,0098,負傷,0,1,00260,対象外,0000,144,夜－夜,晴,市街地－その他,舗装－乾燥,単路－その他,環状交差点以外 環状交差点以外をいう。,施設なし,対象外当事者,その他,対象外当事者,その他,単路－9.0m以上,直線－平坦,単路（交差点付近を含む）,規制なし,中央分離帯,区分あり－防護柵等,車両相互,35～44歳,不明,貨物車－普通車,対象外当事者,自家用,対象外当事者,貨物車,対象外当事者,60㎞／ｈ以下,対象外当事者,右後-無,無-無,小破,対象外当事者,その他,対象外当事者,その他,対象外当事者,負傷,対象外当事者,土,その他,34.535476,135.452764,2019-02-02,23:26,blue
本票,大阪,せたな,0099,負傷,0,1,30990,対象外,0000,142,夜－暮,雨,市街地－人口集中,舗装－湿潤,交差点－その他,環状交差点以外 環状交差点以外をいう。,点灯－３灯式,規制なし,表示なし,規制なし,表示なし,交差点－中（5.5m以上）－中,直線－平坦,交差点内,規制なし,中央分離なし,区分あり－縁石・ブロック等,車両相互,65～74歳,25～34歳,乗用車－普通車,二輪車－自動二輪－原付二種－51～125cc,自家用,自家用,乗用車,対象外当事者,50㎞／ｈ以下,50㎞／ｈ以下,左-無,前-無,小破,大破,その他,対象外当事者,その他,対象外当事者,損傷なし,負傷,木,その他,34.534170,135.500474,2019-01-31,17:57,blue
本票,大阪,せたな,0100,負傷,0,1,10190,対象外,0000,144,夜－明,曇,市街地－人口集中,舗装－乾燥,交差点－その他,環状交差点以外 環状交差点以外をいう。,点灯－３灯式,規制なし,表示なし,規制なし,表示なし,交差点－大（13.0ｍ以上）－小,直線－平坦,交差点内,規制なし,中央分離なし,区分あり－縁石・ブロック等,車両相互,0～24歳,0～24歳,乗用車－普通車,二輪車－自動二輪－原付二種－51～125cc,自家用,自家用,乗用車,対象外当事者,30㎞／ｈ以下,30㎞／ｈ以下,左後-無,前-無,小破,大破,その他,対象外当事者,その他,対象外当事者,損傷なし,負傷,土,その他,34.511197,135.465630,2019-01-26,06:39,blue
本票,大阪,せたな,0101,負傷,0,1,30990,対象外,0000,144,昼－明,曇,市街地－その他,舗装－乾燥,交差点－その他,環状交差点以外 環状交差点以外をいう。,施設なし,標準－反射式,表示あり,規制なし,表示なし,交差点－小（5.5m未満）－小,直線－平坦,その他,規制なし,中央分離なし,区分なし,車両相互,0～24歳,0～24歳,乗用車－普通車,乗用車－軽自動車,自家用,自家用,乗用車,乗用車,指定の速度規制なし等,指定の速度規制なし等,前-無,左-無,小破,小破,その他,その他,その他,その他,損傷なし,負傷,月,その他,34.540744,135.457871,2019-02-04,07:23,blue
本票,大阪,せたな,0102,負傷,0,1,10070,対象外,0000,144,昼－昼,晴,市街地－その他,舗装－乾燥,交差点付近－その他,環状交差点以外 環状交差点以外をいう。,点灯－３灯式,対象外当事者,その他,対象外当事者,その他,単路－3.5m未満,直線－平坦,単路（交差点付近を含む）,規制なし,中央分離帯,区分あり－防護柵等,車両相互,55～64歳,45～54歳,乗用車－普通車,乗用車－軽自動車,事業用,自家用,乗用車,乗用車,指定の速度規制なし等,指定の速度規制なし等,後-無,前-無,小破,小破,その他,その他,その他,その他,負傷,損傷なし,火,その他,34.541203,135.460987,2019-02-05,16:24,blue
本票,大阪,せたな,0103,負傷,0,1,10430,対象外,0000,142,昼－昼,晴,市街地－人口集中,舗装－乾燥,単路－その他,環状交差点以外 環状交差点以外をいう。,施設なし,対象外当事者,その他,対象外当事者,その他,単路－3.5m以上,直線－平坦,単路（交差点付近を含む）,規制なし,中央線－ペイント,区分あり－縁石・ブロック等,人対車両,25～34歳,0～24歳,乗用車－普通車,歩行者,自家用,対象外当事者,乗用車,対象外当事者,30㎞／ｈ以下,対象外当事者,右前-無,無-無,小破,対象外当事者,その他,対象外当事者,その他,対象外当事者,損傷なし,負傷,水,その他,34.521180,135.492370,2019-02-06,13:57,blue
本票,大阪,せたな,0104,負傷,0,1,10070,対象外,0000,144,夜－夜,晴,市街地－人口集中,舗装－乾燥,交差点－その他,環状交差点以外 環状交差点以外をいう。,点灯－３灯式,規制なし,表示なし,規制なし,表示なし,交差点－大（13.0ｍ以上）－大,直線－平坦,交差点内,規制なし,中央分離なし,区分あり－路側帯,車両相互,25～34歳,0～24歳,乗用車－軽自動車,二輪車－原付自転車,自家用,自家用,乗用車,対象外当事者,60㎞／ｈ以下,指定の速度規制なし等,右前-無,左-無,小破,大破,装備あり 作動,対象外当事者,その他,対象外当事者,損傷なし,損傷なし,木,その他,34.541371,135.476806,2019-02-07,00:00,blue
本票,大阪,せたな,0105,負傷,0,1,03100,対象外,0600,142,昼－明,晴,市街地－その他,舗装－乾燥,交差点－その他,環状交差点以外 環状交差点以外をいう。,点灯－３灯式,その他,表示あり,その他,表示あり,交差点－中（5.5m以上）－中,直線－平坦,交差点内,規制なし,中央線－ペイント,区分あり－防護柵等,車両相互,65～74歳,35～44歳,乗用車－普通車,乗用車－軽自動車,自家用,自家用,乗用車,乗用車,40㎞／ｈ以下,40㎞／ｈ以下,後-無,前-無,小破,小破,その他,その他,その他,その他,負傷,損傷なし,火,その他,34.521696,135.527483,2019-02-05,07:32,blue
本票,大阪,せたな,0106,負傷,0,1,30990,対象外,0000,144,昼－昼,曇,市街地－人口集中,舗装－乾燥,交差点－その他,環状交差点以外 環状交差点以外をいう。,施設なし,標準－反射式,表示あり,規制なし,表示なし,交差点－小（5.5m未満）－小,直線－平坦,交差点内,規制なし,中央分離なし,区分なし,車両相互,65～74歳,25～34歳,乗用車－普通車,軽車両－自転車,自家用,対象外当事者,乗用車,対象外当事者,指定の速度規制なし等,対象外当事者,左前-無,左-無,小破,小破,その他,対象外当事者,その他,対象外当事者,損傷なし,負傷,月,その他,34.535489,135.445565,2019-01-28,13:33,blue
本票,大阪,せたな,0108,負傷,0,8,30990,対象外,0000,144,夜－暮,曇,市街地－人口集中,舗装－乾燥,単路－その他,環状交差点以外 環状交差点以外をいう。,施設なし,対象外当事者,その他,対象外当事者,その他,単路－3.5m未満,直線－平坦,単路（交差点付近を含む）,規制なし,中央分離なし,区分あり－防護柵等,車両相互,75歳以上,35～44歳,乗用車－普通車,乗用車－普通車,自家用,自家用,乗用車,乗用車,40㎞／ｈ以下,40㎞／ｈ以下,前-右前,後-右後,小破,小破,その他,その他,その他,その他,損傷なし,負傷,土,その他,34.548375,135.463125,2019-02-09,18:17,blue
本票,大阪,せたな,0109,負傷,0,1,30990,対象外,0700,142,昼－昼,晴,市街地－その他,舗装－乾燥,単路－その他,環状交差点以外 環状交差点以外をいう。,点灯－３灯式,対象外当事者,その他,対象外当事者,その他,単路－3.5m以上,直線－平坦,単路（交差点付近を含む）,規制なし,中央線－ペイント,区分あり－防護柵等,車両相互,75歳以上,45～54歳,乗用車－軽自動車,乗用車－軽自動車,自家用,自家用,乗用車,乗用車,指定の速度規制なし等,指定の速度規制なし等,前-無,後-無,小破,小破,その他,その他,その他,その他,損傷なし,負傷,月,その他,34.538767,135.494681,2019-02-04,11:56,blue
本票,大阪,せたな,0110,負傷,0,1,03100,対象外,0076,142,昼－暮,曇,市街地－人口集中,舗装－乾燥,単路－その他,環状交差点以外 環状交差点以外をいう。,施設なし,対象外当事者,その他,対象外当事者,その他,単路－9.0m以上,直線－平坦,単路（交差点付近を含む）,規制なし,中央線－ペイント,区分あり－縁石・ブロック等,車両相互,0～24歳,25～34歳,乗用車－普通車,乗用車－軽自動車,自家用,自家用,乗用車,乗用車,40㎞／ｈ以下,40㎞／ｈ以下,後-無,前-無,小破,小破,その他,その他,その他,その他,負傷,損傷なし,土,その他,34.526524,135.524746,2019-02-09,17:20,blue
本票,大阪,せたな,0111,負傷,0,1,30990,対象外,0000,142,昼－明,晴,市街地－その他,舗装－乾燥,単路－その他,環状交差点以外 環状交差点以外をいう。,施設なし,対象外当事者,その他,対象外当事者,その他,単路－3.5m以上,直線－平坦,単路（交差点付近を含む）,規制なし,中央分離帯,区分なし,車両相互,25～34歳,45～54歳,乗用車－軽自動車,軽車両－自転車,自家用,対象外当事者,乗用車,対象外当事者,40㎞／ｈ以下,対象外当事者,前-無,左-無,小破,小破,その他,対象外当事者,その他,対象外当事者,損傷なし,負傷,火,その他,34.533535,135.515525,2019-02-12,07:45,blue
本票,大阪,せたな,0112,負傷,0,1,10430,対象外,0074,142,夜－夜,晴,市街地－人口集中,舗装－乾燥,交差点付近－その他,環状交差点以外 環状交差点以外をいう。,点灯－３灯式,対象外当事者,その他,対象外当事者,その他,単路－3.5m以上,直線－平坦,単路（交差点付近を含む）,規制なし,中央線－ペイント,区分あり－路側帯,車両相互,35～44歳,45～54歳,乗用車－普通車,乗用車－軽自動車,自家用,自家用,乗用車,乗用車,40㎞／ｈ以下,40㎞／ｈ以下,前-無,後-前,中破,小破,その他,その他,その他,その他,損傷なし,負傷,木,その他,34.521532,135.506677,2019-02-07,19:30,blue
本票,大阪,せたな,0113,負傷,0,1,03100,対象外,0000,142,昼－昼,曇,市街地－人口集中,舗装－乾燥,単路－その他,環状交差点以外 環状交差点以外をいう。,施設なし,対象外当事者,その他,対象外当事者,その他,単路－3.5m以上,直線－平坦,単路（交差点付近を含む）,規制なし,中央線－ペイント,区分あり－縁石・ブロック等,車両相互,25～34歳,55～64歳,乗用車－軽自動車,乗用車－軽自動車,自家用,自家用,乗用車,乗用車,40㎞／ｈ以下,40㎞／ｈ以下,前-無,後-無,小破,小破,その他,その他,その他,その他,損傷なし,負傷,金,その他,34.521491,135.527868,2019-01-18,13:44,blue