資料区分,都道府県コード,警察署等コード,本票番号,事故内容,死者数,負傷者数,路線コード,上下線,地点コード,市区町村コード,昼夜,天候,地形,路面状態,道路形状,環状交差点の直径,信号機,一時停止規制　標識（当事者A）,一時停止規制　表示（当事者A）,一時停止規制　標識（当事者B）,一時停止規制　表示（当事者B）,車道幅員,道路線形,衝突地点,ゾーン規制,中央分離帯施設等,歩車道区分,事故類型,年齢（当事者A）,年齢（当事者B）,当事者種別（当事者A）,当事者種別（当事者B）,用途別（当事者A）,用途別（当事者B）,車両形状（当事者A）,車両形状（当事者B）,速度規制（指定のみ）（当事者A）,速度規制（指定のみ）（当事者B）,車両の衝突部位（当事者A）,車両の衝突部位（当事者B）,車両の損壊程度（当事者A）,車両の損壊程度（当事者B）,エアバッグの装備（当事者A）,エアバッグの装備（当事者B）,サイドエアバッグの装備（当事者A）,サイドエアバッグの装備（当事者B）,人身損傷程度（当事者A）,人身損傷程度（当事者B）,曜日(発生年月日),祝日(発生年月日),緯度,経度,発生日,発生時,color
本票,大阪,せたな,0698,負傷,0,1,10030,対象外,0001,144,昼－昼,晴,市街地－その他,舗装－乾燥,単路－その他,環状交差点以外 環状交差点以外をいう。,施設なし,対象外当事者,その他,対象外当事者,その他,単路－3.5m未満,直線－平坦,単路（交差点付近を含む）,規制なし,中央分離なし,区分あり－縁石・ブロック等,車両相互,25～34歳,0～24歳,乗用車－普通車,乗用車－軽自動車,自家用,自家用,乗用車,乗用車,40㎞／ｈ以下,40㎞／ｈ以下,前-後,前-後,小破,小破,その他,その他,その他,その他,負傷,損傷なし,木,その他,34.532289,135.463010,2019-09-19,06:57,blue
本票,大阪,せたな,0699,負傷,0,1,10530,対象外,0001,142,昼－昼,曇,市街地－その他,舗装－乾燥,交差点－その他,環状交差点以外 環状交差点以外をいう。,施設なし,標準－反射式,表示あり,規制なし,表示なし,交差点－小（5.5m未満）－小,直線－平坦,交差点内,規制なし,中央分離なし,区分あり－路側帯,車両相互,45～54歳,55～64歳,乗用車－軽自動車,二輪車－原付自転車,自家用,自家用,乗用車,対象外当事者,指定の速度規制なし等,30㎞／ｈ以下,前-左,前-左,小破,小破,その他,対象外当事者,その他,対象外当事者,損傷なし,負傷,火,その他,34.536574,135.487481,2019-09-24,09:22,blue
本票,大阪,せたな,0700,負傷,0,1,30990,対象外,0000,142,昼－昼,曇,市街地－人口集中,舗装－乾燥,交差点－その他,環状交差点以外 環状交差点以外をいう。,施設なし,規制なし,表示なし,標準－反射式,表示なし,交差点－小（5.5m未満）－小,直線－平坦,交差点内,規制なし,中央線－ペイント,区分なし,車両相互,65～74歳,0～24歳,乗用車－普通車,軽車両－自転車,自家用,対象外当事者,乗用車,対象外当事者,30㎞／ｈ以下,対象外当事者,右-無,右-無,小破,小破,その他,対象外当事者,その他,対象外当事者,損傷なし,負傷,金,その他,34.517212,135.525555,2019-09-13,16:20,blue
本票,大阪,せたな,0701,負傷,0,1,30990,対象外,0000,144,昼－暮,雨,市街地－人口集中,舗装－湿潤,交差点－その他,環状交差点以外 環状交差点以外をいう。,点灯－３灯式,規制なし,表示なし,規制なし,表示なし,交差点－中（5.5m以上）－中,直線－平坦,交差点内,規制なし,中央分離なし,区分あり－防護柵等,車両相互,35～44歳,0～24歳,貨物車－準中型車,二輪車－自動二輪－軽二輪－126～250cc,事業用,自家用,貨物車,対象外当事者,40㎞／ｈ以下,60㎞／ｈ以下,左前-無,前-無,小破,小破,その他,対象外当事者,その他,対象外当事者,損傷なし,負傷,水,その他,34.564679,135.425312,2019-09-04,17:42,blue
本票,大阪,せたな,0702,負傷,0,1,10240,対象外,0088,142,昼－暮,晴,市街地－人口集中,舗装－乾燥,交差点付近－その他,環状交差点以外 環状交差点以外をいう。,点灯－３灯式,対象外当事者,その他,対象外当事者,その他,単路－9.0m以上,直線－平坦,単路（交差点付近を含む）,規制なし,中央分離帯,区分あり－縁石・ブロック等,車両相互,35～44歳,65～74歳,乗用車－普通車,貨物車－軽自動車,自家用,自家用,乗用車,貨物車,指定の速度規制なし等,指定の速度規制なし等,後-無,前-無,小破,小破,その他,その他,その他,その他,負傷,損傷なし,火,その他,34.523960,135.499630,2019-09-03,17:30,blue
本票,大阪,せたな,0703,負傷,0,1,30990,対象外,2080,144,昼－昼,晴,市街地－人口集中,舗装－乾燥,単路－その他,環状交差点以外 環状交差点以外をいう。,点灯－３灯式,対象外当事者,その他,対象外当事者,その他,単路－3.5m未満,直線－平坦,単路（交差点付近を含む）,規制なし,中央分離なし,区分あり－縁石・ブロック等,人対車両,75歳以上,55～64歳,軽車両－自転車,歩行者,対象外当事者,対象外当事者,対象外当事者,対象外当事者,対象外当事者,対象外当事者,前-無,無-無,小破,対象外当事者,対象外当事者,対象外当事者,対象外当事者,対象外当事者,損傷なし,負傷,木,その他,34.540495,135.463551,2019-09-19,12:52,blue
本票,大阪,せたな,0704,負傷,0,1,30990,対象外,0000,142,昼－昼,晴,市街地－人口集中,舗装－乾燥,単路－その他,環状交差点以外 環状交差点以外をいう。,施設なし,対象外当事者,その他,対象外当事者,その他,単路－9.0m以上,直線－平坦,単路（交差点付近を含む）,規制なし,中央線－ペイント,区分あり－縁石・ブロック等,車両相互,25～34歳,35～44歳,乗用車－普通車,乗用車－普通車,自家用,自家用,乗用車,乗用車,指定の速度規制なし等,30㎞／ｈ以下,前-無,左-無,中破,中破,装備あり 作動,その他,その他,その他,損傷なし,負傷,金,その他,34.543703,135.497763,2019-09-20,08:10,blue
本票,大阪,せたな,0705,負傷,0,1,00260,対象外,2080,144,昼－昼,晴,市街地－人口集中,舗装－乾燥,交差点－その他,環状交差点以外 環状交差点以外をいう。,点灯－３灯式,規制なし,表示なし,規制なし,表示なし,交差点－小（5.5m未満）－小,直線－平坦,交差点内,規制なし,中央分離帯,区分あり－縁石・ブロック等,車両相互,35～44歳,75歳以上,貨物車－軽自動車,軽車両－自転車,自家用,対象外当事者,貨物車,対象外当事者,60㎞／ｈ以下,対象外当事者,左前-無,前-無,小破,小破,その他,対象外当事者,その他,対象外当事者,損傷なし,負傷,水,その他,34.531901,135.452443,2019-09-25,09:05,blue
本票,大阪,せたな,0706,負傷,0,1,10030,対象外,0188,144,昼－昼,晴,市街地－人口集中,舗装－乾燥,交差点－その他,環状交差点以外 環状交差点以外をいう。,点灯－３灯式,規制なし,表示なし,規制なし,表示なし,交差点－中（5.5m以上）－中,直線－平坦,交差点内,規制なし,中央分離なし,区分あり－縁石・ブロック等,車両相互,45～54歳,65～74歳,乗用車－普通車,軽車両－自転車,自家用,対象外当事者,乗用車,対象外当事者,40㎞／ｈ以下,対象外当事者,前-無,左-無,小破,小破,その他,対象外当事者,その他,対象外当事者,損傷なし,負傷,土,その他,34.540559,135.463549,2019-09-28,12:22,blue
本票,大阪,せたな,0707,負傷,0,1,30990,対象外,0000,144,昼－昼,晴,市街地－人口集中,舗装－乾燥,交差点－その他,環状交差点以外 環状交差点以外をいう。,施設なし,標準－反射式,表示あり,標準－反射式,表示あり,交差点－大（13.0ｍ以上）－中,直線－平坦,交差点内,規制なし,中央分離なし,区分あり－防護柵等,車両相互,25～34歳,55～64歳,貨物車－準中型車,乗用車－普通車,自家用,自家用,貨物車,乗用車,指定の速度規制なし等,指定の速度規制なし等,前-無,左後-無,小破,小破,その他,その他,その他,その他,損傷なし,負傷,土,その他,34.550249,135.460104,2019-09-28,11:18,blue
本票,大阪,せたな,0708,負傷,0,1,30990,対象外,0000,142,夜－夜,晴,市街地－人口集中,舗装－乾燥,交差点－その他,環状交差点以外 環状交差点以外をいう。,施設なし,標準－反射式,表示あり,規制なし,表示なし,交差点－中（5.5m以上）－中,直線－平坦,交差点内,規制なし,中央分離帯,区分あり－縁石・ブロック等,車両相互,35～44歳,45～54歳,乗用車－軽自動車,軽車両－自転車,自家用,対象外当事者,乗用車,対象外当事者,指定の速度規制なし等,対象外当事者,前-無,右-無,小破,小破,その他,対象外当事者,その他,対象外当事者,損傷なし,負傷,日,前日,34.529601,135.493995,2019-09-15,19:15,blue
本票,大阪,せたな,0709,負傷,0,1,30990,対象外,0000,142,昼－昼,晴,市街地－その他,舗装－乾燥,交差点－その他,環状交差点以外 環状交差点以外をいう。,施設なし,規制なし,表示なし,規制なし,表示なし,交差点－中（5.5m以上）－小,直線－平坦,交差点内,規制なし,中央分離なし,区分あり－防護柵等,車両相互,35～44歳,0～24歳,乗用車－普通車,軽車両－自転車,自家用,対象外当事者,乗用車,対象外当事者,30㎞／ｈ以下,対象外当事者,左前-無,前-無,小破,小破,その他,対象外当事者,その他,対象外当事者,損傷なし,負傷,木,その他,34.542313,135.495610,2019-09-26,15:03,blue
本票,大阪,せたな,0710,負傷,0,1,10240,対象外,0028,144,昼－昼,晴,市街地－人口集中,舗装－乾燥,交差点－その他,環状交差点以外 環状交差点以外をいう。,点灯－３灯式,規制なし,表示なし,規制なし,表示なし,交差点－大（13.0ｍ以上）－中,直線－平坦,交差点内,規制なし,中央分離なし,区分あり－縁石・ブロック等,車両相互,35～44歳,25～34歳,貨物車－大型車,乗用車－普通車,事業用,自家用,貨物車,乗用車,40㎞／ｈ以下,40㎞／ｈ以下,前-無,後-無,小破,小破,その他,その他,その他,その他,損傷なし,負傷,土,その他,34.560955,135.457034,2019-09-28,08:35,blue
本票,大阪,せたな,0711,負傷,0,1,10030,対象外,0000,144,夜－夜,晴,市街地－人口集中,舗装－乾燥,単路－その他,環状交差点以外 環状交差点以外をいう。,施設なし,対象外当事者,その他,対象外当事者,その他,単路－9.0m以上,直線－平坦,単路（交差点付近を含む）,規制なし,中央線－ペイント,区分あり－縁石・ブロック等,車両相互,45～54歳,55～64歳,乗用車－軽自動車,乗用車－軽自動車,自家用,自家用,乗用車,乗用車,40㎞／ｈ以下,40㎞／ｈ以下,前-無,後-前,中破,中破,その他,その他,その他,その他,損傷なし,負傷,金,その他,34.545103,135.463442,2019-09-27,23:10,blue
本票,大阪,せたな,0712,負傷,0,1,30990,対象外,0001,144,昼－昼,晴,市街地－その他,舗装－乾燥,単路－その他,環状交差点以外 環状交差点以外をいう。,施設なし,対象外当事者,その他,対象外当事者,その他,単路－3.5m未満,直線－平坦,単路（交差点付近を含む）,規制なし,中央分離なし,区分あり－縁石・ブロック等,車両相互,35～44歳,25～34歳,乗用車－軽自動車,貨物車－軽自動車,自家用,自家用,乗用車,貨物車,指定の速度規制なし等,指定の速度規制なし等,前-後,前-後,小破,小破,その他,その他,その他,その他,負傷,損傷なし,水,その他,34.525293,135.459363,2019-09-18,11:38,blue
本票,大阪,せたな,0713,負傷,0,1,10240,対象外,0000,142,昼－昼,晴,市街地－人口集中,舗装－乾燥,単路－その他,環状交差点以外 環状交差点以外をいう。,施設なし,対象外当事者,その他,対象外当事者,その他,単路－5.5m以上,直線－平坦,単路（交差点付近を含む）,規制なし,中央分離帯,区分あり－路側帯,車両相互,35～44歳,35～44歳,乗用車－普通車,乗用車－普通車,自家用,自家用,乗用車,乗用車,60㎞／ｈ以下,60㎞／ｈ以下,前-無,後-無,小破,小破,その他,その他,その他,その他,損傷なし,負傷,金,その他,34.532998,135.494376,2019-09-27,09:21,blue
本票,大阪,せたな,0714,負傷,0,1,10240,対象外,0078,142,昼－昼,晴,市街地－人口集中,舗装－乾燥,交差点－その他,環状交差点以外 環状交差点以外をいう。,施設なし,標準－反射式,表示あり,規制なし,表示なし,交差点－中（5.5m以上）－中,直線－上り,交差点内,規制なし,中央分離なし,区分あり－縁石・ブロック等,車両相互,45～54歳,35～44歳,乗用車－普通車,軽車両－駆動補助機付自転車,自家用,対象外当事者,乗用車,対象外当事者,指定の速度規制なし等,対象外当事者,前-無,左-無,小破,小破,その他,対象外当事者,その他,対象外当事者,損傷なし,負傷,水,その他,34.532702,135.494322,2019-09-25,07:35,blue
本票,大阪,せたな,0715,負傷,0,1,10030,対象外,0001,144,昼－昼,雨,市街地－その他,舗装－湿潤,単路－その他,環状交差点以外 環状交差点以外をいう。,施設なし,対象外当事者,その他,対象外当事者,その他,単路－3.5m未満,直線－平坦,単路（交差点付近を含む）,規制なし,中央分離なし,区分あり－縁石・ブロック等,車両相互,25～34歳,45～54歳,乗用車－普通車,二輪車－原付自転車,自家用,自家用,乗用車,対象外当事者,40㎞／ｈ以下,30㎞／ｈ以下,無-無,無-無,損壊なし,小破,その他,対象外当事者,その他,対象外当事者,損傷なし,負傷,金,その他,34.527934,135.462402,2019-09-13,08:17,blue
本票,大阪,せたな,0716,負傷,0,1,10070,対象外,0001,144,昼－昼,晴,市街地－その他,舗装－乾燥,単路－その他,環状交差点以外 環状交差点以外をいう。,施設なし,対象外当事者,その他,対象外当事者,その他,単路－3.5m以上,直線－平坦,単路（交差点付近を含む）,規制なし,中央分離帯,区分あり－縁石・ブロック等,車両相互,25～34歳,0～24歳,乗用車－普通車,軽車両－自転車,自家用,対象外当事者,乗用車,対象外当事者,60㎞／ｈ以下,対象外当事者,前-左,前-左,小破,小破,その他,対象外当事者,その他,対象外当事者,損傷なし,負傷,水,その他,34.541154,135.476161,2019-09-18,12:20,blue
本票,大阪,せたな,0717,負傷,0,1,00260,対象外,0001,144,昼－昼,雨,市街地－その他,舗装－湿潤,単路－その他,環状交差点以外 環状交差点以外をいう。,施設なし,対象外当事者,その他,対象外当事者,その他,単路－3.5m以上,直線－下り,単路（交差点付近を含む）,規制なし,中央分離帯,区分あり－縁石・ブロック等,車両相互,55～64歳,45～54歳,貨物車－普通車,乗用車－軽自動車,自家用,自家用,貨物車,乗用車,60㎞／ｈ以下,60㎞／ｈ以下,前-後,前-後,小破,小破,その他,その他,その他,その他,損傷なし,負傷,金,その他,34.546741,135.458144,2019-09-13,08:05,blue
本票,大阪,せたな,0718,負傷,0,1,30990,対象外,2080,144,昼－暮,晴,市街地－人口集中,舗装－乾燥,交差点－その他,環状交差点以外 環状交差点以外をいう。,施設なし,規制なし,表示なし,対象外当事者,その他,交差点－小（5.5m未満）－小,直線－上り,交差点内,規制なし,中央分離なし,区分あり－縁石・ブロック等,人対車両,55～64歳,0～24歳,乗用車－普通車,歩行者,自家用,対象外当事者,乗用車,対象外当事者,30㎞／ｈ以下,対象外当事者,左前-無,無-無,小破,対象外当事者,その他,対象外当事者,その他,対象外当事者,損傷なし,負傷,金,その他,34.546921,135.474184,2019-09-27,17:00,blue
本票,大阪,せたな,0731,負傷,0,2,10030,対象外,0001,144,夜－暮,雨,市街地－その他,舗装－湿潤,単路－その他,環状交差点以外 環状交差点以外をいう。,施設なし,対象外当事者,その他,対象外当事者,その他,単路－3.5m以上,直線－平坦,単路（交差点付近を含む）,規制なし,中央分離なし,区分あり－縁石・ブロック等,車両相互,0～24歳,45～54歳,乗用車－軽自動車,乗用車－軽自動車,自家用,自家用,乗用車,乗用車,40㎞／ｈ以下,40㎞／ｈ以下,前-後,前-後,小破,小破,その他,その他,その他,その他,損傷なし,損傷なし,土,その他,34.531919,135.463062,2019-08-31,19:03,blue
本票,大阪,北堺,0373,負傷,0,1,30990,対象外,0000,146,昼－昼,晴,市街地－人口集中,舗装－乾燥,単路－その他,環状交差点以外 環状交差点以外をいう。,施設なし,対象外当事者,その他,対象外当事者,その他,単路－3.5m以上,直線－平坦,単路（交差点付近を含む）,規制なし,中央線－ペイント,区分なし,車両相互,35～44歳,75歳以上,乗用車－普通車,軽車両－自転車,自家用,対象外当事者,乗用車,対象外当事者,30㎞／ｈ以下,対象外当事者,左前-無,前-無,小破,小破,その他,対象外当事者,その他,対象外当事者,損傷なし,負傷,月,その他,34.584774,135.520153,2019-09-02,07:20,blue
本票,大阪,北堺,0374,負傷,0,1,10280,対象外,0000,146,夜－夜,晴,市街地－人口集中,舗装－乾燥,交差点－その他,環状交差点以外 環状交差点以外をいう。,点灯－３灯式,規制なし,表示なし,規制なし,表示なし,交差点－中（5.5m以上）－小,直線－平坦,交差点内,規制なし,中央分離なし,区分なし,車両相互,35～44歳,45～54歳,乗用車－軽自動車,乗用車－軽自動車,自家用,自家用,乗用車,乗用車,30㎞／ｈ以下,30㎞／ｈ以下,左-無,前-無,小破,小破,その他,その他,その他,その他,損傷なし,負傷,金,その他,34.559712,135.541924,2019-08-16,20:40,blue
本票,大阪,北堺,0375,負傷,0,1,03100,対象外,0030,146,昼－昼,晴,市街地－人口集中,舗装－乾燥,交差点－その他,環状交差点以外 環状交差点以外をいう。,点灯－３灯式,規制なし,表示なし,規制なし,表示なし,交差点－中（5.5m以上）－中,直線－平坦,交差点内,規制なし,中央線－ペイント,区分あり－縁石・ブロック等,車両相互,75歳以上,55～64歳,乗用車－軽自動車,軽車両－自転車,自家用,対象外当事者,乗用車,対象外当事者,30㎞／ｈ以下,対象外当事者,右前-無,右-無,小破,中破,その他,対象外当事者,その他,対象外当事者,損傷なし,負傷,日,当日,34.555638,135.497109,2019-08-11,08:08,blue
本票,大阪,北堺,0376,負傷,0,1,10020,対象外,0033,146,昼－昼,雨,市街地－人口集中,舗装－湿潤,単路－その他,環状交差点以外 環状交差点以外をいう。,施設なし,対象外当事者,その他,対象外当事者,その他,単路－9.0m以上,直線－平坦,単路（交差点付近を含む）,規制なし,中央分離帯,区分あり－防護柵等,車両相互,55～64歳,45～54歳,貨物車－大型車,二輪車－自動二輪－原付二種－51～125cc,事業用,自家用,貨物車,対象外当事者,60㎞／ｈ以下,60㎞／ｈ以下,右-無,左-無,小破,小破,その他,対象外当事者,その他,対象外当事者,損傷なし,負傷,火,その他,34.561861,135.521630,2019-08-20,07:20,blue
本票,大阪,北堺,0377,負傷,0,1,10020,対象外,0018,146,昼－暮,曇,市街地－人口集中,舗装－乾燥,単路－その他,環状交差点以外 環状交差点以外をいう。,施設なし,対象外当事者,その他,対象外当事者,その他,単路－13.0m以上,直線－平坦,単路（交差点付近を含む）,規制なし,中央分離帯,区分あり－縁石・ブロック等,車両相互,25～34歳,55～64歳,乗用車－普通車,乗用車－普通車,自家用,自家用,乗用車,乗用車,60㎞／ｈ以下,60㎞／ｈ以下,前-無,後-無,小破,小破,その他,その他,その他,その他,損傷なし,負傷,土,その他,34.565671,135.507064,2019-08-24,17:44,blue
本票,大阪,北堺,0378,負傷,0,1,30990,対象外,0000,146,昼－昼,晴,市街地－人口集中,舗装－乾燥,交差点－その他,環状交差点以外 環状交差点以外をいう。,施設なし,標準－自発光式,表示あり,対象外当事者,その他,交差点－中（5.5m以上）－小,直線－平坦,交差点内,規制なし,中央分離帯,区分あり－縁石・ブロック等,人対車両,45～54歳,35～44歳,乗用車－普通車,歩行者,自家用,対象外当事者,乗用車,対象外当事者,指定の速度規制なし等,対象外当事者,前-無,無-無,小破,対象外当事者,その他,対象外当事者,その他,対象外当事者,損傷なし,負傷,水,その他,34.551671,135.510558,2019-08-21,10:10,blue
本票,大阪,北堺,0379,負傷,0,1,10070,対象外,0000,146,昼－昼,晴,市街地－人口集中,舗装－乾燥,単路－その他,環状交差点以外 環状交差点以外をいう。,施設なし,対象外当事者,その他,対象外当事者,その他,単路－5.5m以上,直線－平坦,単路（交差点付近を含む）,規制なし,中央分離帯,区分あり－縁石・ブロック等,車両相互,35～44歳,45～54歳,乗用車－軽自動車,二輪車－原付自転車,自家用,自家用,乗用車,対象外当事者,60㎞／ｈ以下,30㎞／ｈ以下,右前-無,後-無,小破,小破,その他,対象外当事者,その他,対象外当事者,損傷なし,負傷,月,その他,34.545088,135.489319,2019-09-02,14:10,blue
本票,大阪,北堺,0380,負傷,0,1,10020,対象外,0004,146,夜－夜,雨,市街地－人口集中,舗装－湿潤,単路－その他,環状交差点以外 環状交差点以外をいう。,施設なし,対象外当事者,その他,対象外当事者,その他,単路－19.5m以上,直線－平坦,単路（交差点付近を含む）,規制なし,中央分離帯,区分あり－防護柵等,車両相互,35～44歳,75歳以上,乗用車－普通車,乗用車－普通車,自家用,自家用,乗用車,乗用車,指定の速度規制なし等,指定の速度規制なし等,後-無,後-無,小破,小破,その他,その他,その他,その他,損傷なし,負傷,金,その他,34.565712,135.501693,2019-08-30,19:54,blue
本票,大阪,北堺,0381,負傷,0,1,30990,対象外,0000,146,昼－暮,晴,市街地－人口集中,舗装－乾燥,交差点－その他,環状交差点以外 環状交差点以外をいう。,施設なし,規制なし,表示なし,標準－反射式,表示あり,交差点－中（5.5m以上）－小,直線－平坦,交差点内,規制なし,中央分離なし,区分なし,車両相互,55～64歳,45～54歳,乗用車－普通車,軽車両－自転車,自家用,対象外当事者,乗用車,対象外当事者,指定の速度規制なし等,対象外当事者,前-無,右-無,小破,小破,その他,対象外当事者,その他,対象外当事者,損傷なし,負傷,月,その他,34.552330,135.492199,2019-09-02,17:50,blue
本票,大阪,北堺,0382,負傷,0,1,10020,対象外,0020,146,夜－暮,晴,市街地－人口集中,舗装－乾燥,単路－その他,環状交差点以外 環状交差点以外をいう。,点灯－３灯式,対象外当事者,その他,対象外当事者,その他,単路－5.5m以上,直線－平坦,単路（交差点付近を含む）,規制なし,中央分離帯,区分あり－縁石・ブロック等,車両相互,35～44歳,25～34歳,乗用車－普通車,乗用車－普通車,自家用,自家用,乗用車,乗用車,60㎞／ｈ以下,60㎞／ｈ以下,前-無,後-無,小破,小破,その他,その他,その他,その他,損傷なし,負傷,水,その他,34.565451,135.509328,2019-08-28,19:20,blue
本票,大阪,北堺,0383,負傷,0,1,10070,対象外,0134,146,昼－暮,晴,市街地－人口集中,舗装－乾燥,交差点－その他,環状交差点以外 環状交差点以外をいう。,施設なし,規制なし,表示なし,規制なし,表示なし,交差点－大（13.0ｍ以上）－小,直線－平坦,交差点内,規制なし,中央分離帯,区分あり－縁石・ブロック等,車両相互,65～74歳,0～24歳,乗用車－普通車,二輪車－原付自転車,自家用,自家用,乗用車,対象外当事者,60㎞／ｈ以下,30㎞／ｈ以下,左前-無,前-無,小破,小破,その他,対象外当事者,その他,対象外当事者,損傷なし,負傷,火,その他,34.545520,135.490633,2019-09-03,17:55,blue
本票,大阪,北堺,0384,負傷,0,1,30990,対象外,0000,146,昼－昼,晴,市街地－人口集中,舗装－乾燥,交差点－その他,環状交差点以外 環状交差点以外をいう。,施設なし,規制なし,表示なし,規制なし,表示なし,交差点－小（5.5m未満）－小,直線－平坦,交差点内,規制なし,中央分離なし,区分なし,車両相互,45～54歳,0～24歳,乗用車－普通車,軽車両－自転車,自家用,対象外当事者,乗用車,対象外当事者,指定の速度規制なし等,対象外当事者,左前-無,左-無,小破,小破,その他,対象外当事者,その他,対象外当事者,損傷なし,負傷,土,その他,34.556879,135.516909,2019-09-07,15:33,blue
本票,大阪,北堺,0385,負傷,0,2,20040,対象外,0054,146,昼－昼,晴,市街地－人口集中,舗装－乾燥,単路－その他,環状交差点以外 環状交差点以外をいう。,施設なし,対象外当事者,その他,対象外当事者,その他,単路－5.5m以上,直線－平坦,単路（交差点付近を含む）,規制なし,中央線－ペイント,区分あり－縁石・ブロック等,車両相互,45～54歳,65～74歳,乗用車－普通車,乗用車－軽自動車,自家用,自家用,乗用車,乗用車,40㎞／ｈ以下,40㎞／ｈ以下,前-無,後-前,小破,小破,その他,その他,その他,その他,損傷なし,負傷,金,その他,34.583059,135.503282,2019-09-06,07:27,blue
本票,大阪,北堺,0386,負傷,0,1,03100,上,0038,146,昼－昼,晴,市街地－人口集中,舗装－乾燥,単路－その他,環状交差点以外 環状交差点以外をいう。,施設なし,対象外当事者,その他,対象外当事者,その他,単路－5.5m以上,直線－平坦,単路（交差点付近を含む）,規制なし,中央線－ペイント,区分あり－縁石・ブロック等,車両相互,55～64歳,25～34歳,乗用車－軽自動車,乗用車－軽自動車,自家用,自家用,乗用車,乗用車,40㎞／ｈ以下,40㎞／ｈ以下,前-無,後-無,小破,小破,その他,その他,その他,その他,損傷なし,負傷,木,その他,34.552443,135.503517,2019-08-29,16:27,blue
本票,大阪,北堺,0387,負傷,0,1,30990,対象外,0000,146,昼－昼,晴,市街地－人口集中,舗装－乾燥,単路－その他,環状交差点以外 環状交差点以外をいう。,施設なし,対象外当事者,その他,対象外当事者,その他,単路－5.5m以上,直線－平坦,単路（交差点付近を含む）,規制なし,中央分離なし,区分なし,車両相互,55～64歳,45～54歳,乗用車－普通車,軽車両－自転車,自家用,対象外当事者,乗用車,対象外当事者,指定の速度規制なし等,対象外当事者,前-無,左-無,小破,小破,その他,対象外当事者,その他,対象外当事者,損傷なし,負傷,火,その他,34.562734,135.519336,2019-09-10,16:40,blue
本票,大阪,北堺,0388,負傷,0,1,10020,対象外,0033,146,昼－昼,晴,市街地－人口集中,舗装－乾燥,単路－その他,環状交差点以外 環状交差点以外をいう。,施設なし,対象外当事者,その他,対象外当事者,その他,単路－9.0m以上,直線－平坦,単路（交差点付近を含む）,規制なし,中央分離帯,区分あり－防護柵等,車両相互,0～24歳,0～24歳,二輪車－原付自転車,軽車両－自転車,自家用,対象外当事者,対象外当事者,対象外当事者,30㎞／ｈ以下,対象外当事者,左-無,前-無,小破,小破,対象外当事者,対象外当事者,対象外当事者,対象外当事者,損傷なし,負傷,土,その他,34.561382,135.522008,2019-09-07,08:45,blue
本票,大阪,北堺,0389,負傷,0,1,10070,対象外,0112,146,昼－昼,晴,市街地－人口集中,舗装－乾燥,単路－その他,環状交差点以外 環状交差点以外をいう。,施設なし,対象外当事者,その他,対象外当事者,その他,単路－9.0m以上,直線－平坦,単路（交差点付近を含む）,規制なし,中央分離帯,区分あり－縁石・ブロック等,車両相互,45～54歳,0～24歳,乗用車－普通車,乗用車－軽自動車,自家用,自家用,乗用車,乗用車,指定の速度規制なし等,指定の速度規制なし等,後-無,前-無,小破,小破,その他,その他,その他,その他,負傷,損傷なし,木,その他,34.558366,135.508308,2019-09-05,08:22,blue
本票,大阪,北堺,0390,負傷,0,1,10020,対象外,0029,146,夜－暮,晴,市街地－人口集中,舗装－乾燥,単路－その他,環状交差点以外 環状交差点以外をいう。,施設なし,対象外当事者,その他,対象外当事者,その他,単路－13.0m以上,直線－平坦,単路（交差点付近を含む）,規制なし,中央分離帯,区分あり－縁石・ブロック等,車両相互,25～34歳,65～74歳,貨物車－普通車,貨物車－軽自動車,自家用,自家用,貨物車,貨物車,指定の速度規制なし等,指定の速度規制なし等,後-無,前-無,小破,小破,その他,その他,その他,その他,負傷,損傷なし,火,その他,34.563636,135.518771,2019-09-10,18:50,blue
本票,大阪,北堺,0391,負傷,0,1,10070,対象外,0076,146,夜－夜,晴,市街地－人口集中,舗装－乾燥,交差点－その他,環状交差点以外 環状交差点以外をいう。,点灯－３灯式,規制なし,表示なし,規制なし,表示なし,交差点－中（5.5m以上）－中,カーブ・屈折－右－平坦,交差点内,規制なし,中央線－ペイント,区分あり－防護柵等,車両相互,35～44歳,0～24歳,乗用車－普通車,軽車両－自転車,自家用,対象外当事者,乗用車,対象外当事者,指定の速度規制なし等,対象外当事者,右前-無,右-無,小破,小破,その他,対象外当事者,その他,対象外当事者,損傷なし,負傷,木,その他,34.588693,135.515936,2019-09-05,21:25,blue
本票,大阪,北堺,0392,負傷,0,1,10070,対象外,0116,146,昼－昼,晴,市街地－人口集中,舗装－乾燥,単路－トンネル,環状交差点以外 環状交差点以外をいう。,施設なし,対象外当事者,その他,対象外当事者,その他,単路－5.5m以上,直線－平坦,単路（交差点付近を含む）,規制なし,中央分離帯,区分なし,車両相互,55～64歳,0～24歳,貨物車－普通車,貨物車－軽自動車,自家用,事業用,貨物車,貨物車,指定の速度規制なし等,指定の速度規制なし等,後-前,前-無,小破,小破,その他,装備あり 作動,その他,その他,負傷,損傷なし,火,その他,34.555180,135.504783,2019-09-10,14:57,blue
本票,大阪,北堺,0393,負傷,0,1,30990,対象外,0000,146,昼－昼,晴,市街地－人口集中,舗装－乾燥,単路－その他,環状交差点以外 環状交差点以外をいう。,施設なし,対象外当事者,その他,対象外当事者,その他,単路－5.5m以上,直線－平坦,単路（交差点付近を含む）,規制なし,中央線－ペイント,区分あり－防護柵等,車両相互,35～44歳,75歳以上,乗用車－普通車,乗用車－普通車,自家用,自家用,乗用車,乗用車,40㎞／ｈ以下,40㎞／ｈ以下,前-無,後-無,小破,小破,その他,その他,その他,その他,損傷なし,負傷,木,その他,34.567251,135.510485,2019-09-12,13:05,blue