資料区分,都道府県コード,警察署等コード,本票番号,事故内容,死者数,負傷者数,路線コード,上下線,地点コード,市区町村コード,昼夜,天候,地形,路面状態,道路形状,環状交差点の直径,信号機,一時停止規制　標識（当事者A）,一時停止規制　表示（当事者A）,一時停止規制　標識（当事者B）,一時停止規制　表示（当事者B）,車道幅員,道路線形,衝突地点,ゾーン規制,中央分離帯施設等,歩車道区分,事故類型,年齢（当事者A）,年齢（当事者B）,当事者種別（当事者A）,当事者種別（当事者B）,用途別（当事者A）,用途別（当事者B）,車両形状（当事者A）,車両形状（当事者B）,速度規制（指定のみ）（当事者A）,速度規制（指定のみ）（当事者B）,車両の衝突部位（当事者A）,車両の衝突部位（当事者B）,車両の損壊程度（当事者A）,車両の損壊程度（当事者B）,エアバッグの装備（当事者A）,エアバッグの装備（当事者B）,サイドエアバッグの装備（当事者A）,サイドエアバッグの装備（当事者B）,人身損傷程度（当事者A）,人身損傷程度（当事者B）,曜日(発生年月日),祝日(発生年月日),緯度,経度,発生日,発生時,color
本票,大阪,北堺,0394,負傷,0,1,10020,対象外,0035,146,昼－昼,晴,市街地－人口集中,舗装－乾燥,交差点－その他,環状交差点以外 環状交差点以外をいう。,点灯－３灯式,規制なし,表示なし,規制なし,表示なし,交差点－大（13.0ｍ以上）－大,直線－平坦,交差点内,規制なし,中央分離なし,区分あり－縁石・ブロック等,車両相互,35～44歳,45～54歳,軽車両－自転車,軽車両－自転車,対象外当事者,対象外当事者,対象外当事者,対象外当事者,対象外当事者,対象外当事者,前-無,前-無,小破,小破,対象外当事者,対象外当事者,対象外当事者,対象外当事者,損傷なし,負傷,月,その他,34.560911,135.523237,2019-08-19,08:30,blue
本票,大阪,北堺,0395,負傷,0,1,03100,下,0019,146,昼－昼,晴,市街地－人口集中,舗装－乾燥,交差点－その他,環状交差点以外 環状交差点以外をいう。,点灯－３灯式,規制なし,表示なし,規制なし,表示なし,交差点－中（5.5m以上）－中,直線－平坦,交差点内,規制なし,中央線－ペイント,区分あり－縁石・ブロック等,車両相互,35～44歳,25～34歳,乗用車－普通車,二輪車－原付自転車,自家用,自家用,乗用車,対象外当事者,40㎞／ｈ以下,指定の速度規制なし等,左-無,前-無,小破,中破,その他,対象外当事者,その他,対象外当事者,損傷なし,負傷,木,その他,34.564892,135.492290,2019-08-29,14:19,blue
本票,大阪,北堺,0396,負傷,0,1,30990,対象外,0000,146,夜－暮,晴,市街地－人口集中,舗装－乾燥,単路－その他,環状交差点以外 環状交差点以外をいう。,施設なし,対象外当事者,その他,対象外当事者,その他,単路－3.5m以上,直線－平坦,単路（交差点付近を含む）,規制なし,中央分離なし,区分なし,車両相互,0～24歳,25～34歳,乗用車－軽自動車,軽車両－自転車,自家用,対象外当事者,乗用車,対象外当事者,指定の速度規制なし等,対象外当事者,左-無,前-無,小破,小破,その他,対象外当事者,その他,対象外当事者,損傷なし,負傷,火,その他,34.554645,135.506544,2019-09-10,18:35,blue
本票,大阪,北堺,0397,負傷,0,1,99000,対象外,0000,146,昼－昼,雨,市街地－人口集中,舗装－乾燥,一般交通の場所,環状交差点以外 環状交差点以外をいう。,施設なし,対象外当事者,その他,対象外当事者,その他,一般交通の場所,一般交通の場所,その他,規制なし,一般交通の場所,区分なし,車両相互,25～34歳,75歳以上,貨物車－普通車,貨物車－軽自動車,自家用,自家用,貨物車,貨物車,指定の速度規制なし等,指定の速度規制なし等,右前-無,後-無,小破,小破,その他,その他,その他,その他,負傷,損傷なし,水,その他,34.557681,135.508693,2019-08-28,16:35,blue
本票,大阪,北堺,0398,負傷,0,1,30990,対象外,0000,146,昼－昼,晴,市街地－人口集中,舗装－乾燥,交差点付近－その他,環状交差点以外 環状交差点以外をいう。,施設なし,対象外当事者,その他,対象外当事者,その他,単路－5.5m以上,直線－平坦,単路（交差点付近を含む）,規制なし,中央線－ペイント,区分あり－防護柵等,車両相互,25～34歳,45～54歳,乗用車－普通車,乗用車－軽自動車,自家用,自家用,乗用車,乗用車,40㎞／ｈ以下,40㎞／ｈ以下,前-無,後-無,小破,小破,その他,その他,その他,その他,損傷なし,負傷,水,その他,34.560055,135.512527,2019-09-18,16:19,blue
本票,大阪,北堺,0399,負傷,0,1,30990,対象外,0000,146,昼－暮,晴,市街地－人口集中,舗装－乾燥,単路－その他,環状交差点以外 環状交差点以外をいう。,施設なし,対象外当事者,その他,対象外当事者,その他,単路－3.5m以上,直線－平坦,単路（交差点付近を含む）,規制なし,中央分離なし,区分あり－路側帯,車両相互,25～34歳,35～44歳,貨物車－軽自動車,貨物車－軽自動車,事業用,事業用,貨物車,貨物車,指定の速度規制なし等,指定の速度規制なし等,後-無,前-無,小破,小破,その他,その他,その他,その他,損傷なし,負傷,木,その他,34.578008,135.511923,2019-09-19,17:00,blue
本票,大阪,北堺,0400,負傷,0,1,20230,対象外,0045,146,夜－夜,晴,市街地－人口集中,舗装－乾燥,交差点－その他,環状交差点以外 環状交差点以外をいう。,施設なし,規制なし,表示なし,規制なし,表示なし,交差点－中（5.5m以上）－小,直線－平坦,交差点内,規制なし,中央分離なし,区分あり－縁石・ブロック等,車両相互,65～74歳,45～54歳,乗用車－普通車,乗用車－普通車,自家用,自家用,乗用車,乗用車,40㎞／ｈ以下,40㎞／ｈ以下,前-無,後-無,小破,小破,その他,その他,その他,その他,損傷なし,負傷,水,その他,34.557670,135.488580,2019-09-18,21:28,blue
本票,大阪,北堺,0401,負傷,0,1,10070,対象外,0102,146,昼－昼,晴,市街地－人口集中,舗装－乾燥,交差点付近－その他,環状交差点以外 環状交差点以外をいう。,点灯－３灯式,対象外当事者,その他,対象外当事者,その他,単路－9.0m以上,直線－平坦,単路（交差点付近を含む）,規制なし,中央分離帯,区分あり－防護柵等,車両相互,25～34歳,45～54歳,乗用車－普通車,貨物車－軽自動車,自家用,自家用,乗用車,貨物車,50㎞／ｈ以下,50㎞／ｈ以下,前-無,後-無,小破,小破,その他,その他,その他,その他,損傷なし,負傷,火,その他,34.565675,135.514397,2019-09-17,10:32,blue
本票,大阪,北堺,0402,負傷,0,1,30990,対象外,0000,146,夜－暮,雨,市街地－人口集中,舗装－湿潤,交差点付近－その他,環状交差点以外 環状交差点以外をいう。,施設なし,対象外当事者,その他,対象外当事者,その他,単路－5.5m以上,カーブ・屈折－右－平坦,その他,規制なし,中央線－ペイント,区分あり－路側帯,車両相互,35～44歳,0～24歳,乗用車－普通車,軽車両－自転車,自家用,対象外当事者,乗用車,対象外当事者,30㎞／ｈ以下,対象外当事者,前-無,前-無,小破,小破,その他,対象外当事者,その他,対象外当事者,損傷なし,負傷,水,その他,34.586337,135.521001,2019-09-11,18:14,blue
本票,大阪,北堺,0403,負傷,0,1,10400,対象外,0000,146,昼－昼,曇,市街地－人口集中,舗装－乾燥,単路－その他,環状交差点以外 環状交差点以外をいう。,施設なし,対象外当事者,その他,対象外当事者,その他,単路－3.5m以上,直線－平坦,単路（交差点付近を含む）,規制なし,中央線－ペイント,区分あり－縁石・ブロック等,車両相互,45～54歳,25～34歳,乗用車－普通車,軽車両－自転車,自家用,対象外当事者,乗用車,対象外当事者,指定の速度規制なし等,対象外当事者,前-無,右-無,小破,小破,その他,対象外当事者,その他,対象外当事者,損傷なし,負傷,火,その他,34.567512,135.502688,2019-08-27,08:11,blue
本票,大阪,北堺,0404,負傷,0,1,30990,対象外,0000,146,昼－暮,曇,市街地－人口集中,舗装－乾燥,交差点－その他,環状交差点以外 環状交差点以外をいう。,施設なし,規制なし,表示なし,規制なし,表示なし,交差点－小（5.5m未満）－小,直線－平坦,交差点内,規制なし,中央分離なし,区分なし,車両相互,35～44歳,0～24歳,貨物車－軽自動車,軽車両－自転車,自家用,対象外当事者,貨物車,対象外当事者,指定の速度規制なし等,対象外当事者,右-無,右-無,小破,小破,その他,対象外当事者,その他,対象外当事者,損傷なし,負傷,火,その他,34.562338,135.515455,2019-09-24,17:10,blue
本票,大阪,北堺,0405,負傷,0,1,30990,対象外,0000,146,昼－昼,晴,市街地－人口集中,舗装－乾燥,単路－その他,環状交差点以外 環状交差点以外をいう。,施設なし,対象外当事者,その他,対象外当事者,その他,単路－5.5m以上,直線－平坦,単路（交差点付近を含む）,規制なし,中央線－ペイント,区分あり－路側帯,車両相互,45～54歳,45～54歳,二輪車－原付自転車,軽車両－自転車,自家用,対象外当事者,対象外当事者,対象外当事者,指定の速度規制なし等,対象外当事者,左-無,左-無,小破,小破,対象外当事者,対象外当事者,対象外当事者,対象外当事者,損傷なし,負傷,水,その他,34.553131,135.525649,2019-09-25,07:15,blue
本票,大阪,北堺,0406,負傷,0,1,10080,対象外,0046,146,昼－昼,雨,市街地－人口集中,舗装－乾燥,交差点－その他,環状交差点以外 環状交差点以外をいう。,施設なし,標準－反射式,表示あり,規制なし,表示なし,交差点－小（5.5m未満）－小,直線－平坦,交差点内,規制なし,中央分離なし,区分なし,車両相互,65～74歳,65～74歳,乗用車－普通車,軽車両－自転車,自家用,対象外当事者,乗用車,対象外当事者,指定の速度規制なし等,対象外当事者,左前-無,右-無,小破,小破,その他,対象外当事者,その他,対象外当事者,損傷なし,負傷,金,その他,34.574917,135.514871,2019-09-20,13:35,blue
本票,大阪,北堺,0407,負傷,0,1,30990,対象外,0000,146,昼－昼,曇,市街地－人口集中,舗装－乾燥,単路－カーブ・屈折,環状交差点以外 環状交差点以外をいう。,施設なし,対象外当事者,その他,対象外当事者,その他,単路－3.5m以上,カーブ・屈折－右－平坦,単路（交差点付近を含む）,規制なし,中央分離なし,区分なし,車両相互,55～64歳,65～74歳,貨物車－軽自動車,軽車両－自転車,自家用,対象外当事者,貨物車,対象外当事者,指定の速度規制なし等,対象外当事者,右-無,前-無,小破,小破,その他,対象外当事者,その他,対象外当事者,損傷なし,負傷,金,その他,34.553279,135.511460,2019-09-20,13:09,blue
本票,大阪,北堺,0408,負傷,0,1,30990,対象外,0000,146,夜－夜,晴,市街地－人口集中,舗装－乾燥,交差点－その他,環状交差点以外 環状交差点以外をいう。,施設なし,規制なし,表示なし,標準－自発光式,表示あり,交差点－中（5.5m以上）－中,直線－平坦,交差点内,規制なし,中央線－ペイント,区分あり－縁石・ブロック等,車両相互,25～34歳,0～24歳,乗用車－普通車,軽車両－自転車,自家用,対象外当事者,乗用車,対象外当事者,50㎞／ｈ以下,対象外当事者,前-無,右-無,小破,小破,その他,対象外当事者,その他,対象外当事者,損傷なし,負傷,水,その他,34.561419,135.510275,2019-09-18,19:34,blue
本票,大阪,北堺,0409,負傷,0,1,30990,対象外,0000,146,昼－昼,晴,市街地－人口集中,舗装－乾燥,交差点－その他,環状交差点以外 環状交差点以外をいう。,施設なし,規制なし,表示なし,規制なし,表示なし,交差点－中（5.5m以上）－小,直線－平坦,交差点内,規制なし,中央分離なし,区分なし,車両相互,0～24歳,75歳以上,軽車両－自転車,軽車両－自転車,対象外当事者,対象外当事者,対象外当事者,対象外当事者,対象外当事者,対象外当事者,左-無,前-無,小破,小破,対象外当事者,対象外当事者,対象外当事者,対象外当事者,損傷なし,負傷,水,その他,34.561702,135.490781,2019-09-11,10:46,blue
本票,大阪,北堺,0410,負傷,0,1,10020,対象外,0020,146,夜－夜,晴,市街地－人口集中,舗装－乾燥,交差点－その他,環状交差点以外 環状交差点以外をいう。,点灯－３灯式,規制なし,表示なし,規制なし,表示なし,交差点－大（13.0ｍ以上）－中,直線－平坦,交差点内,規制なし,中央分離なし,区分あり－防護柵等,車両相互,35～44歳,25～34歳,貨物車－軽自動車,二輪車－自動二輪－軽二輪－126～250cc,自家用,自家用,貨物車,対象外当事者,60㎞／ｈ以下,40㎞／ｈ以下,左-無,前-無,小破,中破,その他,対象外当事者,その他,対象外当事者,損傷なし,負傷,金,その他,34.565399,135.508917,2019-09-06,19:26,blue
本票,大阪,南堺,0253,負傷,0,1,30990,対象外,0000,145,昼－昼,曇,市街地－その他,舗装－乾燥,単路－その他,環状交差点以外 環状交差点以外をいう。,点灯－３灯式,対象外当事者,その他,対象外当事者,その他,単路－3.5m未満,直線－平坦,単路（交差点付近を含む）,規制なし,中央分離帯,区分あり－縁石・ブロック等,車両相互,65～74歳,65～74歳,乗用車－普通車,軽車両－自転車,自家用,対象外当事者,乗用車,対象外当事者,40㎞／ｈ以下,対象外当事者,左-無,右-無,小破,小破,その他,対象外当事者,その他,対象外当事者,損傷なし,負傷,水,その他,34.484747,135.528017,2019-08-28,10:28,blue
本票,大阪,南堺,0254,負傷,0,1,30990,対象外,0000,219,夜－暮,雨,市街地－人口集中,舗装－湿潤,単路－その他,環状交差点以外 環状交差点以外をいう。,施設なし,対象外当事者,その他,対象外当事者,その他,単路－5.5m以上,直線－平坦,単路（交差点付近を含む）,規制なし,中央分離なし,区分あり－縁石・ブロック等,車両相互,75歳以上,65～74歳,乗用車－普通車,軽車両－自転車,自家用,対象外当事者,乗用車,対象外当事者,指定の速度規制なし等,対象外当事者,前-無,左-無,損壊なし,小破,その他,対象外当事者,その他,対象外当事者,損傷なし,負傷,金,その他,34.472805,135.476435,2019-08-30,18:50,blue
本票,大阪,南堺,0255,負傷,0,2,10240,対象外,0000,145,昼－明,曇,市街地－その他,舗装－乾燥,単路－その他,環状交差点以外 環状交差点以外をいう。,施設なし,対象外当事者,その他,対象外当事者,その他,単路－5.5m以上,直線－平坦,単路（交差点付近を含む）,規制なし,中央分離帯,区分あり－縁石・ブロック等,車両相互,65～74歳,45～54歳,乗用車－普通車,貨物車－軽自動車,自家用,自家用,乗用車,貨物車,60㎞／ｈ以下,60㎞／ｈ以下,左前-無,右後-無,小破,小破,その他,その他,その他,その他,損傷なし,負傷,金,その他,34.500925,135.537861,2019-08-30,05:58,blue
本票,大阪,南堺,0256,負傷,0,1,30990,対象外,0000,145,昼－昼,晴,市街地－人口集中,舗装－乾燥,交差点－その他,環状交差点以外 環状交差点以外をいう。,点灯－３灯式,規制なし,表示なし,規制なし,表示なし,交差点－中（5.5m以上）－中,直線－平坦,交差点内,規制なし,中央分離なし,区分あり－縁石・ブロック等,車両相互,55～64歳,65～74歳,乗用車－軽自動車,軽車両－自転車,自家用,対象外当事者,乗用車,対象外当事者,60㎞／ｈ以下,対象外当事者,左前-左,前-無,小破,小破,その他,対象外当事者,その他,対象外当事者,損傷なし,負傷,水,その他,34.470109,135.494277,2019-08-28,15:03,blue
本票,大阪,南堺,0257,負傷,0,1,20260,対象外,0000,145,昼－昼,晴,市街地－人口集中,舗装－乾燥,交差点－その他,環状交差点以外 環状交差点以外をいう。,点灯－３灯式,規制なし,表示なし,規制なし,表示なし,交差点－中（5.5m以上）－中,直線－平坦,交差点内,規制なし,中央分離帯,区分あり－縁石・ブロック等,車両相互,65～74歳,65～74歳,乗用車－軽自動車,二輪車－原付自転車,自家用,自家用,乗用車,対象外当事者,60㎞／ｈ以下,30㎞／ｈ以下,前-無,後-無,小破,小破,その他,対象外当事者,その他,対象外当事者,損傷なし,負傷,日,その他,34.464260,135.485914,2019-09-01,12:35,blue
本票,大阪,南堺,0258,負傷,0,1,10370,対象外,0123,145,昼－昼,晴,市街地－人口集中,舗装－乾燥,単路－その他,環状交差点以外 環状交差点以外をいう。,施設なし,対象外当事者,その他,対象外当事者,その他,単路－5.5m以上,直線－平坦,単路（交差点付近を含む）,規制なし,中央分離帯,区分あり－縁石・ブロック等,車両相互,45～54歳,55～64歳,乗用車－普通車,乗用車－軽自動車,自家用,自家用,乗用車,乗用車,60㎞／ｈ以下,60㎞／ｈ以下,後-無,前-無,小破,小破,その他,その他,その他,その他,負傷,損傷なし,土,その他,34.482398,135.502728,2019-09-07,10:48,blue
本票,大阪,南堺,0259,負傷,0,1,95000,対象外,0000,145,昼－暮,晴,市街地－人口集中,舗装－乾燥,単路－その他,環状交差点以外 環状交差点以外をいう。,施設なし,対象外当事者,その他,対象外当事者,その他,単路－3.5m以上,直線－下り,単路（交差点付近を含む）,規制なし,中央分離なし,区分なし,人対車両,75歳以上,35～44歳,乗用車－普通車,歩行者,自家用,対象外当事者,乗用車,対象外当事者,指定の速度規制なし等,対象外当事者,右-無,無-無,小破,対象外当事者,その他,対象外当事者,その他,対象外当事者,損傷なし,負傷,木,その他,34.491428,135.487765,2019-09-05,17:55,blue
本票,大阪,南堺,0260,負傷,0,2,20260,対象外,0000,145,昼－昼,晴,市街地－人口集中,舗装－乾燥,交差点付近－その他,環状交差点以外 環状交差点以外をいう。,施設なし,対象外当事者,その他,対象外当事者,その他,単路－3.5m未満,直線－平坦,単路（交差点付近を含む）,規制なし,中央線－ペイント,区分あり－縁石・ブロック等,車両相互,35～44歳,35～44歳,乗用車－普通車,乗用車－普通車,自家用,自家用,乗用車,乗用車,50㎞／ｈ以下,50㎞／ｈ以下,前-無,後-前,小破,小破,その他,その他,その他,その他,損傷なし,負傷,土,その他,34.504439,135.519768,2019-09-07,11:53,blue
本票,大阪,南堺,0261,負傷,0,1,10370,対象外,0000,145,昼－昼,晴,市街地－その他,舗装－乾燥,単路－その他,環状交差点以外 環状交差点以外をいう。,施設なし,対象外当事者,その他,対象外当事者,その他,単路－3.5m以上,直線－平坦,単路（交差点付近を含む）,規制なし,中央分離帯,区分あり－縁石・ブロック等,車両相互,25～34歳,55～64歳,貨物車－普通車,乗用車－軽自動車,自家用,自家用,貨物車,乗用車,60㎞／ｈ以下,60㎞／ｈ以下,右前-無,右後-無,小破,小破,その他,その他,その他,その他,損傷なし,負傷,日,その他,34.501726,135.491230,2019-09-08,09:00,blue
本票,大阪,南堺,0262,負傷,0,1,20260,対象外,0080,145,昼－昼,晴,市街地－人口集中,舗装－乾燥,単路－その他,環状交差点以外 環状交差点以外をいう。,施設なし,対象外当事者,その他,対象外当事者,その他,単路－5.5m以上,直線－平坦,単路（交差点付近を含む）,規制なし,中央線－ペイント,区分あり－防護柵等,車両相互,0～24歳,35～44歳,乗用車－普通車,乗用車－普通車,自家用,自家用,乗用車,乗用車,50㎞／ｈ以下,50㎞／ｈ以下,前-無,後-無,小破,小破,その他,その他,その他,その他,損傷なし,負傷,火,その他,34.464445,135.486833,2019-09-10,07:39,blue
本票,大阪,南堺,0263,負傷,0,2,10370,対象外,0000,145,昼－昼,晴,市街地－その他,舗装－乾燥,交差点－その他,環状交差点以外 環状交差点以外をいう。,点灯－３灯式,規制なし,表示なし,規制なし,表示なし,交差点－小（5.5m未満）－小,直線－平坦,交差点内,規制なし,中央線－ペイント,区分なし,車両相互,65～74歳,35～44歳,乗用車－軽自動車,軽車両－自転車,自家用,対象外当事者,乗用車,対象外当事者,60㎞／ｈ以下,対象外当事者,右前-無,右-無,小破,小破,その他,対象外当事者,その他,対象外当事者,損傷なし,負傷,火,その他,34.472036,135.506225,2019-09-10,09:48,blue
本票,大阪,南堺,0264,負傷,0,1,20580,対象外,0000,145,昼－暮,晴,市街地－その他,舗装－乾燥,単路－その他,環状交差点以外 環状交差点以外をいう。,施設なし,対象外当事者,その他,対象外当事者,その他,単路－3.5m以上,直線－平坦,単路（交差点付近を含む）,規制なし,中央線－ペイント,区分なし,車両相互,45～54歳,45～54歳,乗用車－軽自動車,乗用車－軽自動車,自家用,自家用,乗用車,乗用車,40㎞／ｈ以下,40㎞／ｈ以下,前-無,後-無,小破,小破,その他,その他,その他,その他,損傷なし,負傷,木,その他,34.498479,135.478149,2019-09-12,17:43,blue
本票,大阪,南堺,0265,負傷,0,1,20580,対象外,0000,145,昼－昼,晴,市街地－その他,舗装－乾燥,交差点－その他,環状交差点以外 環状交差点以外をいう。,点灯－３灯式,規制なし,表示なし,規制なし,表示なし,交差点－中（5.5m以上）－中,直線－平坦,交差点内,規制なし,中央分離なし,区分なし,車両相互,0～24歳,75歳以上,乗用車－軽自動車,軽車両－自転車,自家用,対象外当事者,乗用車,対象外当事者,30㎞／ｈ以下,対象外当事者,右前-無,右-無,小破,小破,その他,対象外当事者,その他,対象外当事者,損傷なし,負傷,火,その他,34.497576,135.478220,2019-09-10,15:50,blue
本票,大阪,南堺,0266,負傷,0,3,30990,対象外,0000,145,夜－夜,晴,市街地－人口集中,舗装－乾燥,交差点－その他,環状交差点以外 環状交差点以外をいう。,点灯－３灯式,規制なし,表示なし,規制なし,表示なし,交差点－中（5.5m以上）－中,直線－平坦,交差点内,規制なし,中央分離なし,区分あり－路側帯,車両相互,35～44歳,0～24歳,乗用車－普通車,乗用車－普通車,自家用,自家用,乗用車,乗用車,60㎞／ｈ以下,30㎞／ｈ以下,右前-右,前-左前,大破,大破,装備あり 作動,装備あり 作動,装備あり 作動,装備あり 作動,損傷なし,負傷,火,その他,34.489475,135.499511,2019-05-07,22:28,blue
本票,大阪,南堺,0267,負傷,0,1,10370,対象外,0000,145,昼－昼,晴,市街地－人口集中,舗装－乾燥,交差点－その他,環状交差点以外 環状交差点以外をいう。,点灯－３灯式,規制なし,表示なし,規制なし,表示なし,交差点－大（13.0ｍ以上）－大,直線－平坦,交差点内,規制なし,中央分離帯,区分あり－防護柵等,車両相互,35～44歳,65～74歳,貨物車－準中型車,乗用車－普通車,事業用,自家用,貨物車,乗用車,60㎞／ｈ以下,60㎞／ｈ以下,前-無,右-無,小破,中破,その他,装備あり 作動,その他,装備あり 作動,損傷なし,負傷,金,その他,34.489506,135.497378,2019-08-09,06:27,blue
本票,大阪,南堺,0268,負傷,0,1,20260,対象外,0080,145,昼－昼,晴,市街地－人口集中,舗装－乾燥,交差点－その他,環状交差点以外 環状交差点以外をいう。,点灯－３灯式,規制なし,表示なし,規制なし,表示なし,交差点－大（13.0ｍ以上）－大,直線－平坦,交差点内,規制なし,中央分離なし,区分あり－縁石・ブロック等,車両相互,65～74歳,0～24歳,乗用車－軽自動車,貨物車－軽自動車,自家用,自家用,乗用車,貨物車,60㎞／ｈ以下,60㎞／ｈ以下,右前-無,左前-無,小破,中破,その他,その他,その他,その他,負傷,損傷なし,月,その他,34.464247,135.485845,2019-09-09,11:15,blue
本票,大阪,南堺,0269,負傷,0,1,10370,対象外,0000,145,昼－昼,晴,市街地－その他,舗装－乾燥,単路－その他,環状交差点以外 環状交差点以外をいう。,施設なし,対象外当事者,その他,対象外当事者,その他,単路－9.0m以上,直線－平坦,単路（交差点付近を含む）,規制なし,中央分離帯,区分あり－縁石・ブロック等,車両相互,45～54歳,35～44歳,乗用車－軽自動車,貨物車－軽自動車,自家用,自家用,乗用車,貨物車,60㎞／ｈ以下,60㎞／ｈ以下,前-無,後-無,小破,小破,その他,その他,その他,その他,損傷なし,負傷,水,その他,34.505045,135.490216,2019-09-18,13:50,blue
本票,大阪,南堺,0270,負傷,0,1,10370,対象外,0098,145,昼－昼,晴,市街地－人口集中,舗装－乾燥,単路－その他,環状交差点以外 環状交差点以外をいう。,施設なし,対象外当事者,その他,対象外当事者,その他,単路－3.5m未満,直線－平坦,単路（交差点付近を含む）,規制なし,中央分離帯,区分あり－縁石・ブロック等,車両相互,25～34歳,25～34歳,乗用車－普通車,乗用車－普通車,事業用,自家用,乗用車,乗用車,指定の速度規制なし等,指定の速度規制なし等,前-無,後-無,小破,小破,その他,その他,その他,その他,損傷なし,負傷,日,前日,34.499470,135.492039,2019-09-15,16:25,blue
本票,大阪,南堺,0271,負傷,0,2,30990,対象外,0000,145,夜－暮,晴,市街地－人口集中,舗装－乾燥,交差点付近－その他,環状交差点以外 環状交差点以外をいう。,点灯－３灯式,対象外当事者,その他,対象外当事者,その他,単路－3.5m以上,直線－平坦,単路（交差点付近を含む）,規制なし,中央分離なし,区分あり－防護柵等,車両相互,75歳以上,35～44歳,乗用車－軽自動車,乗用車－軽自動車,自家用,自家用,乗用車,乗用車,40㎞／ｈ以下,40㎞／ｈ以下,前-無,後-無,小破,小破,その他,その他,その他,その他,損傷なし,負傷,火,その他,34.487659,135.513892,2019-09-17,18:44,blue
本票,大阪,南堺,0272,負傷,0,2,10370,対象外,0000,145,昼－暮,晴,市街地－その他,舗装－乾燥,単路－その他,環状交差点以外 環状交差点以外をいう。,施設なし,対象外当事者,その他,対象外当事者,その他,単路－9.0m以上,直線－平坦,単路（交差点付近を含む）,規制なし,中央分離帯,区分あり－縁石・ブロック等,車両相互,35～44歳,65～74歳,乗用車－普通車,乗用車－普通車,自家用,自家用,乗用車,乗用車,60㎞／ｈ以下,60㎞／ｈ以下,前-無,後-無,小破,小破,その他,その他,その他,その他,損傷なし,負傷,水,その他,34.507322,135.489417,2019-09-11,18:07,blue
本票,大阪,南堺,0273,負傷,0,1,30990,対象外,0000,145,夜－暮,晴,市街地－人口集中,舗装－乾燥,交差点付近－その他,環状交差点以外 環状交差点以外をいう。,施設なし,対象外当事者,その他,対象外当事者,その他,単路－3.5m未満,直線－平坦,単路（交差点付近を含む）,規制なし,中央分離なし,区分なし,車両相互,45～54歳,55～64歳,乗用車－普通車,乗用車－軽自動車,自家用,自家用,乗用車,乗用車,指定の速度規制なし等,30㎞／ｈ以下,右後-無,右前-無,小破,小破,その他,その他,その他,その他,負傷,損傷なし,木,その他,34.510548,135.494597,2019-09-19,18:55,blue
本票,大阪,南堺,0274,負傷,0,1,30990,対象外,0000,145,昼－昼,晴,市街地－人口集中,舗装－乾燥,交差点－その他,環状交差点以外 環状交差点以外をいう。,施設なし,規制なし,表示なし,規制なし,表示なし,交差点－小（5.5m未満）－小,直線－平坦,交差点内,規制なし,中央分離なし,区分なし,車両相互,65～74歳,0～24歳,乗用車－普通車,軽車両－自転車,自家用,対象外当事者,乗用車,対象外当事者,指定の速度規制なし等,対象外当事者,左前-無,前-無,小破,小破,その他,対象外当事者,その他,対象外当事者,損傷なし,負傷,木,その他,34.478333,135.528652,2019-09-19,16:14,blue
本票,大阪,南堺,0275,負傷,0,1,30990,対象外,0000,145,昼－昼,晴,市街地－人口集中,舗装－乾燥,交差点－その他,環状交差点以外 環状交差点以外をいう。,施設なし,その他,表示なし,規制なし,表示なし,交差点－大（13.0ｍ以上）－小,直線－平坦,その他,規制なし,中央分離なし,区分あり－縁石・ブロック等,車両相互,75歳以上,55～64歳,乗用車－普通車,軽車両－駆動補助機付自転車,自家用,対象外当事者,乗用車,対象外当事者,指定の速度規制なし等,対象外当事者,無-無,無-無,損壊なし,小破,その他,対象外当事者,その他,対象外当事者,損傷なし,負傷,火,その他,34.483585,135.500519,2019-09-17,13:10,blue
本票,大阪,南堺,0279,負傷,0,1,20260,対象外,0000,145,昼－昼,晴,市街地－その他,舗装－乾燥,単路－その他,環状交差点以外 環状交差点以外をいう。,施設なし,対象外当事者,その他,対象外当事者,その他,単路－9.0m以上,直線－平坦,単路（交差点付近を含む）,規制なし,中央線－ペイント,区分あり－縁石・ブロック等,車両相互,35～44歳,55～64歳,乗用車－軽自動車,乗用車－軽自動車,自家用,自家用,乗用車,乗用車,50㎞／ｈ以下,50㎞／ｈ以下,右前-無,左後-無,小破,小破,その他,その他,その他,その他,損傷なし,負傷,金,その他,34.505742,135.516497,2019-09-06,15:07,blue
本票,大阪,せたな,0719,負傷,0,1,10430,対象外,2080,144,昼－昼,曇,市街地－人口集中,舗装－乾燥,単路－その他,環状交差点以外 環状交差点以外をいう。,施設なし,対象外当事者,その他,対象外当事者,その他,単路－3.5m以上,直線－平坦,単路（交差点付近を含む）,規制なし,中央分離なし,区分なし,車両相互,35～44歳,35～44歳,乗用車－普通車,貨物車－普通車,自家用,自家用,乗用車,貨物車,60㎞／ｈ以下,60㎞／ｈ以下,前-無,後-無,小破,小破,その他,その他,その他,その他,損傷なし,負傷,金,その他,34.515943,135.473099,2019-09-27,14:45,blue
本票,大阪,せたな,0720,負傷,0,1,30990,対象外,0000,144,昼－昼,晴,市街地－人口集中,舗装－乾燥,単路－その他,環状交差点以外 環状交差点以外をいう。,施設なし,対象外当事者,その他,対象外当事者,その他,単路－5.5m以上,直線－平坦,単路（交差点付近を含む）,規制なし,中央分離帯,区分あり－防護柵等,車両相互,45～54歳,25～34歳,乗用車－普通車,貨物車－普通車,自家用,自家用,乗用車,貨物車,40㎞／ｈ以下,40㎞／ｈ以下,前-無,後-無,小破,小破,その他,その他,その他,その他,損傷なし,負傷,月,その他,34.559146,135.459762,2019-09-30,08:00,blue