資料区分,都道府県コード,警察署等コード,本票番号,事故内容,死者数,負傷者数,路線コード,上下線,地点コード,市区町村コード,昼夜,天候,地形,路面状態,道路形状,環状交差点の直径,信号機,一時停止規制　標識（当事者A）,一時停止規制　表示（当事者A）,一時停止規制　標識（当事者B）,一時停止規制　表示（当事者B）,車道幅員,道路線形,衝突地点,ゾーン規制,中央分離帯施設等,歩車道区分,事故類型,年齢（当事者A）,年齢（当事者B）,当事者種別（当事者A）,当事者種別（当事者B）,用途別（当事者A）,用途別（当事者B）,車両形状（当事者A）,車両形状（当事者B）,速度規制（指定のみ）（当事者A）,速度規制（指定のみ）（当事者B）,車両の衝突部位（当事者A）,車両の衝突部位（当事者B）,車両の損壊程度（当事者A）,車両の損壊程度（当事者B）,エアバッグの装備（当事者A）,エアバッグの装備（当事者B）,サイドエアバッグの装備（当事者A）,サイドエアバッグの装備（当事者B）,人身損傷程度（当事者A）,人身損傷程度（当事者B）,曜日(発生年月日),祝日(発生年月日),緯度,経度,発生日,発生時,color
本票,大阪,北堺,0483,負傷,0,3,10080,対象外,0037,146,夜－夜,曇,市街地－人口集中,舗装－乾燥,交差点－その他,環状交差点以外 環状交差点以外をいう。,点滅－１灯式,規制なし,表示なし,規制なし,表示なし,交差点－中（5.5m以上）－小,直線－平坦,交差点内,規制なし,中央分離なし,区分あり－縁石・ブロック等,車両相互,45～54歳,25～34歳,乗用車－普通車,乗用車－軽自動車,自家用,自家用,乗用車,乗用車,40㎞／ｈ以下,30㎞／ｈ以下,右前-無,左前-無,小破,小破,その他,その他,その他,その他,負傷,損傷なし,日,当日,34.574643,135.505345,2019-11-03,23:26,blue
本票,大阪,北堺,0484,負傷,0,2,10070,対象外,0090,146,夜－夜,晴,市街地－人口集中,舗装－乾燥,単路－その他,環状交差点以外 環状交差点以外をいう。,施設なし,対象外当事者,その他,対象外当事者,その他,単路－5.5m以上,直線－平坦,単路（交差点付近を含む）,規制なし,中央分離帯,区分あり－縁石・ブロック等,車両相互,25～34歳,65～74歳,乗用車－軽自動車,乗用車－軽自動車,自家用,自家用,乗用車,乗用車,指定の速度規制なし等,指定の速度規制なし等,前-左前,後-無,中破,中破,その他,その他,その他,その他,損傷なし,負傷,火,その他,34.576109,135.516086,2019-11-19,18:45,blue
本票,大阪,北堺,0485,負傷,0,1,03100,下,0032,146,昼－昼,晴,市街地－人口集中,舗装－乾燥,交差点－その他,環状交差点以外 環状交差点以外をいう。,施設なし,規制なし,表示なし,規制なし,表示なし,交差点－中（5.5m以上）－小,直線－平坦,交差点内,規制なし,中央線－ペイント,区分なし,車両相互,35～44歳,25～34歳,乗用車－軽自動車,軽車両－自転車,自家用,対象外当事者,乗用車,対象外当事者,40㎞／ｈ以下,対象外当事者,左前-無,前-無,小破,小破,その他,対象外当事者,その他,対象外当事者,損傷なし,負傷,水,その他,34.555210,135.498285,2019-11-13,08:25,blue
本票,大阪,北堺,0486,負傷,0,1,30990,対象外,0000,146,夜－夜,晴,市街地－人口集中,舗装－乾燥,交差点－その他,環状交差点以外 環状交差点以外をいう。,施設なし,標準－反射式,表示なし,規制なし,表示なし,交差点－中（5.5m以上）－中,直線－平坦,交差点内,規制なし,中央分離なし,区分なし,車両相互,45～54歳,0～24歳,乗用車－普通車,二輪車－原付自転車,自家用,自家用,乗用車,対象外当事者,40㎞／ｈ以下,指定の速度規制なし等,左前-無,前-無,小破,小破,その他,対象外当事者,その他,対象外当事者,損傷なし,負傷,火,その他,34.557306,135.509026,2019-11-19,19:05,blue
本票,大阪,北堺,0487,負傷,0,1,10070,対象外,0076,146,夜－夜,晴,市街地－人口集中,舗装－乾燥,交差点－その他,環状交差点以外 環状交差点以外をいう。,点灯－３灯式,規制なし,表示なし,規制なし,表示なし,交差点－中（5.5m以上）－中,直線－平坦,交差点内,規制なし,中央分離帯,区分あり－縁石・ブロック等,車両相互,0～24歳,0～24歳,乗用車－普通車,乗用車－普通車,自家用,自家用,乗用車,乗用車,指定の速度規制なし等,指定の速度規制なし等,左前-無,右-無,小破,小破,その他,その他,その他,その他,損傷なし,負傷,水,その他,34.589032,135.515703,2019-11-20,18:15,blue
本票,大阪,北堺,0488,負傷,0,2,10070,対象外,0133,146,昼－昼,晴,市街地－人口集中,舗装－乾燥,単路－その他,環状交差点以外 環状交差点以外をいう。,施設なし,対象外当事者,その他,対象外当事者,その他,単路－5.5m以上,直線－平坦,単路（交差点付近を含む）,規制なし,中央分離帯,区分あり－防護柵等,車両相互,0～24歳,25～34歳,乗用車－普通車,乗用車－普通車,自家用,自家用,乗用車,乗用車,指定の速度規制なし等,指定の速度規制なし等,前-無,後-無,小破,小破,その他,その他,その他,その他,損傷なし,負傷,木,その他,34.545159,135.489610,2019-11-21,11:15,blue
本票,大阪,北堺,0489,負傷,0,1,03100,対象外,0020,146,昼－昼,晴,市街地－人口集中,舗装－乾燥,単路－その他,環状交差点以外 環状交差点以外をいう。,施設なし,対象外当事者,その他,対象外当事者,その他,単路－5.5m以上,直線－平坦,単路（交差点付近を含む）,規制なし,中央分離なし,区分あり－防護柵等,車両相互,25～34歳,45～54歳,乗用車－普通車,乗用車－軽自動車,自家用,自家用,乗用車,乗用車,40㎞／ｈ以下,40㎞／ｈ以下,前-無,後-無,小破,小破,その他,その他,その他,その他,損傷なし,負傷,水,その他,34.563299,135.493051,2019-11-20,11:17,blue
本票,大阪,北堺,0490,負傷,0,1,30990,対象外,0000,146,昼－昼,晴,市街地－人口集中,舗装－乾燥,交差点－その他,環状交差点以外 環状交差点以外をいう。,施設なし,規制なし,表示なし,標準－反射式,表示なし,交差点－中（5.5m以上）－中,直線－平坦,交差点内,規制なし,中央線－ペイント,区分あり－路側帯,車両相互,25～34歳,0～24歳,貨物車－普通車,軽車両－自転車,自家用,対象外当事者,貨物車,対象外当事者,指定の速度規制なし等,対象外当事者,左前-無,前-無,小破,小破,その他,対象外当事者,その他,対象外当事者,損傷なし,負傷,月,その他,34.576617,135.503200,2019-11-25,07:43,blue
本票,大阪,北堺,0491,負傷,0,1,10020,対象外,0000,146,夜－夜,雨,市街地－人口集中,舗装－湿潤,単路－その他,環状交差点以外 環状交差点以外をいう。,施設なし,対象外当事者,その他,対象外当事者,その他,単路－5.5m以上,直線－平坦,単路（交差点付近を含む）,規制なし,中央分離帯,区分あり－縁石・ブロック等,車両相互,55～64歳,35～44歳,乗用車－中型車,乗用車－軽自動車,自家用,自家用,乗用車,乗用車,60㎞／ｈ以下,60㎞／ｈ以下,前-無,後-無,小破,小破,その他,その他,その他,その他,損傷なし,負傷,木,その他,34.565718,135.501685,2019-10-24,20:14,blue
本票,大阪,北堺,0492,負傷,0,2,20040,対象外,0000,146,昼－昼,晴,市街地－人口集中,舗装－乾燥,単路－その他,環状交差点以外 環状交差点以外をいう。,施設なし,対象外当事者,その他,対象外当事者,その他,単路－3.5m以上,直線－平坦,単路（交差点付近を含む）,規制なし,中央線－ペイント,区分あり－縁石・ブロック等,車両相互,25～34歳,45～54歳,乗用車－普通車,乗用車－普通車,自家用,自家用,乗用車,乗用車,40㎞／ｈ以下,40㎞／ｈ以下,前-無,後-無,小破,小破,その他,その他,その他,その他,損傷なし,負傷,水,その他,34.582670,135.518202,2019-10-30,10:48,blue
本票,大阪,北堺,0493,負傷,0,2,10070,対象外,0000,146,夜－夜,雨,市街地－人口集中,舗装－湿潤,交差点－その他,環状交差点以外 環状交差点以外をいう。,点灯－３灯式,規制なし,表示なし,規制なし,表示なし,交差点－大（13.0ｍ以上）－中,直線－平坦,交差点内,規制なし,中央分離帯,区分あり－防護柵等,車両相互,35～44歳,35～44歳,乗用車－普通車,軽車両－自転車,自家用,対象外当事者,乗用車,対象外当事者,30㎞／ｈ以下,対象外当事者,前-無,右-無,小破,小破,その他,対象外当事者,その他,対象外当事者,損傷なし,負傷,月,前日,34.550201,135.497696,2019-10-21,21:16,blue
本票,大阪,北堺,0494,負傷,0,1,30990,対象外,0000,146,夜－夜,晴,市街地－人口集中,舗装－乾燥,交差点－その他,環状交差点以外 環状交差点以外をいう。,施設なし,規制なし,表示なし,標準－反射式,表示なし,交差点－中（5.5m以上）－小,直線－平坦,交差点内,規制なし,中央線－ペイント,区分なし,車両相互,45～54歳,0～24歳,乗用車－普通車,軽車両－自転車,自家用,対象外当事者,乗用車,対象外当事者,30㎞／ｈ以下,対象外当事者,前-無,左-無,小破,小破,その他,対象外当事者,その他,対象外当事者,損傷なし,負傷,土,当日,34.544991,135.490901,2019-11-23,19:22,blue
本票,大阪,北堺,0495,負傷,0,1,03100,対象外,0000,146,昼－昼,晴,市街地－人口集中,舗装－乾燥,交差点－その他,環状交差点以外 環状交差点以外をいう。,点灯－３灯式,規制なし,表示なし,規制なし,表示なし,交差点－中（5.5m以上）－中,直線－平坦,交差点内,規制なし,中央線－ペイント,区分あり－縁石・ブロック等,車両相互,35～44歳,25～34歳,乗用車－普通車,二輪車－原付自転車,自家用,自家用,乗用車,対象外当事者,40㎞／ｈ以下,30㎞／ｈ以下,前-無,前-無,小破,小破,その他,対象外当事者,その他,対象外当事者,損傷なし,負傷,水,その他,34.555159,135.498562,2019-10-16,07:40,blue
本票,大阪,北堺,0496,負傷,0,2,10400,対象外,0000,146,昼－昼,雨,市街地－人口集中,舗装－湿潤,交差点－その他,環状交差点以外 環状交差点以外をいう。,施設なし,規制なし,表示なし,規制なし,表示なし,交差点－中（5.5m以上）－小,直線－平坦,交差点内,規制なし,中央分離なし,区分なし,車両相互,55～64歳,75歳以上,二輪車－原付自転車,軽車両－自転車,自家用,対象外当事者,対象外当事者,対象外当事者,30㎞／ｈ以下,対象外当事者,前-無,前-無,小破,小破,対象外当事者,対象外当事者,対象外当事者,対象外当事者,負傷,負傷,木,その他,34.559904,135.530188,2019-10-24,10:42,blue
本票,大阪,北堺,0497,負傷,0,1,10070,対象外,0000,146,昼－昼,晴,市街地－人口集中,舗装－乾燥,単路－その他,環状交差点以外 環状交差点以外をいう。,施設なし,対象外当事者,その他,対象外当事者,その他,単路－5.5m以上,直線－上り,単路（交差点付近を含む）,規制なし,中央分離帯,区分あり－防護柵等,車両相互,35～44歳,55～64歳,乗用車－普通車,乗用車－軽自動車,自家用,自家用,乗用車,乗用車,60㎞／ｈ以下,60㎞／ｈ以下,後-無,前-無,小破,小破,その他,その他,その他,その他,負傷,損傷なし,月,その他,34.556448,135.506329,2019-11-18,08:24,blue
本票,大阪,北堺,0498,負傷,0,1,99000,対象外,0000,146,夜－暮,曇,市街地－人口集中,舗装－乾燥,一般交通の場所,環状交差点以外 環状交差点以外をいう。,施設なし,対象外当事者,その他,対象外当事者,その他,一般交通の場所,一般交通の場所,その他,規制なし,一般交通の場所,区分なし,人対車両,25～34歳,65～74歳,乗用車－軽自動車,歩行者,自家用,対象外当事者,乗用車,対象外当事者,指定の速度規制なし等,対象外当事者,右前-無,無-無,小破,対象外当事者,その他,対象外当事者,その他,対象外当事者,損傷なし,負傷,日,その他,34.575231,135.510755,2019-11-24,17:39,blue
本票,大阪,北堺,0499,負傷,0,2,03100,対象外,0000,146,夜－夜,晴,市街地－人口集中,舗装－乾燥,単路－その他,環状交差点以外 環状交差点以外をいう。,施設なし,対象外当事者,その他,対象外当事者,その他,単路－3.5m以上,直線－平坦,単路（交差点付近を含む）,規制なし,中央線－ペイント,区分あり－縁石・ブロック等,車両相互,0～24歳,45～54歳,乗用車－普通車,乗用車－軽自動車,自家用,自家用,乗用車,乗用車,40㎞／ｈ以下,40㎞／ｈ以下,前-無,後-無,小破,小破,その他,その他,その他,その他,損傷なし,負傷,土,その他,34.555789,135.496748,2019-11-30,18:38,blue
本票,大阪,南堺,0300,負傷,0,1,30990,対象外,0000,145,夜－夜,晴,市街地－その他,舗装－乾燥,単路－カーブ・屈折,環状交差点以外 環状交差点以外をいう。,施設なし,対象外当事者,その他,対象外当事者,その他,単路－9.0m以上,カーブ・屈折－左－平坦,単路（交差点付近を含む）,規制なし,中央線－ペイント,区分あり－路側帯,車両相互,35～44歳,45～54歳,乗用車－普通車,貨物車－普通車,自家用,自家用,乗用車,貨物車,指定の速度規制なし等,指定の速度規制なし等,後-無,前-無,小破,小破,その他,その他,その他,その他,負傷,損傷なし,木,その他,34.481924,135.500810,2019-10-31,20:02,blue
本票,大阪,南堺,0301,負傷,0,1,30990,対象外,0000,145,昼－昼,晴,市街地－人口集中,舗装－乾燥,交差点－その他,環状交差点以外 環状交差点以外をいう。,施設なし,標準－反射式,表示あり,規制なし,表示なし,交差点－中（5.5m以上）－小,直線－平坦,交差点内,規制なし,中央線－ペイント,区分なし,車両相互,35～44歳,35～44歳,貨物車－普通車,二輪車－原付自転車,自家用,自家用,貨物車,対象外当事者,30㎞／ｈ以下,30㎞／ｈ以下,無-無,無-無,損壊なし,小破,その他,対象外当事者,その他,対象外当事者,損傷なし,負傷,土,前日,34.501731,135.495031,2019-11-02,10:25,blue
本票,大阪,南堺,0302,負傷,0,1,30990,対象外,0000,145,昼－昼,晴,市街地－その他,舗装－乾燥,単路－その他,環状交差点以外 環状交差点以外をいう。,施設なし,対象外当事者,その他,対象外当事者,その他,単路－9.0m以上,直線－平坦,単路（交差点付近を含む）,規制なし,中央線－ペイント,区分あり－縁石・ブロック等,車両相互,65～74歳,45～54歳,乗用車－普通車,軽車両－自転車,自家用,対象外当事者,乗用車,対象外当事者,40㎞／ｈ以下,対象外当事者,前-無,前-無,小破,小破,その他,対象外当事者,その他,対象外当事者,損傷なし,負傷,金,その他,34.511175,135.495864,2019-11-01,08:17,blue
本票,大阪,南堺,0303,負傷,0,1,30990,対象外,0000,145,昼－昼,晴,市街地－人口集中,舗装－乾燥,単路－カーブ・屈折,環状交差点以外 環状交差点以外をいう。,施設なし,対象外当事者,その他,対象外当事者,その他,単路－3.5m以上,カーブ・屈折－左－平坦,単路（交差点付近を含む）,規制なし,中央分離なし,区分なし,車両相互,35～44歳,65～74歳,乗用車－普通車,軽車両－自転車,自家用,対象外当事者,乗用車,対象外当事者,指定の速度規制なし等,対象外当事者,右前-無,前-無,小破,小破,その他,対象外当事者,その他,対象外当事者,損傷なし,負傷,金,その他,34.487595,135.470151,2019-11-01,09:28,blue
本票,大阪,南堺,0304,負傷,0,2,30990,対象外,0000,145,昼－昼,晴,市街地－人口集中,舗装－乾燥,単路－その他,環状交差点以外 環状交差点以外をいう。,施設なし,対象外当事者,その他,対象外当事者,その他,単路－5.5m以上,直線－平坦,単路（交差点付近を含む）,規制なし,中央分離なし,区分あり－防護柵等,車両相互,65～74歳,65～74歳,乗用車－普通車,乗用車－軽自動車,自家用,自家用,乗用車,乗用車,40㎞／ｈ以下,40㎞／ｈ以下,前-無,後-無,小破,小破,その他,その他,その他,その他,損傷なし,負傷,火,その他,34.480360,135.524912,2019-11-05,09:59,blue
本票,大阪,南堺,0305,負傷,0,1,30990,対象外,0000,145,夜－夜,晴,市街地－人口集中,舗装－乾燥,交差点－その他,環状交差点以外 環状交差点以外をいう。,施設なし,規制なし,表示なし,対象外当事者,その他,交差点－小（5.5m未満）－小,直線－平坦,交差点内,規制なし,中央線－ペイント,区分あり－縁石・ブロック等,人対車両,25～34歳,0～24歳,乗用車－普通車,歩行者,自家用,対象外当事者,乗用車,対象外当事者,30㎞／ｈ以下,対象外当事者,右前-無,無-無,小破,対象外当事者,その他,対象外当事者,その他,対象外当事者,損傷なし,負傷,金,その他,34.501460,135.502631,2019-11-01,22:17,blue
本票,大阪,南堺,0306,負傷,0,1,10600,対象外,0000,145,昼－昼,晴,市街地－その他,舗装－乾燥,交差点－その他,環状交差点以外 環状交差点以外をいう。,点灯－３灯式,規制なし,表示なし,規制なし,表示なし,交差点－中（5.5m以上）－中,直線－平坦,交差点内,規制なし,中央分離なし,区分あり－縁石・ブロック等,車両相互,35～44歳,0～24歳,乗用車－普通車,軽車両－自転車,自家用,対象外当事者,乗用車,対象外当事者,40㎞／ｈ以下,対象外当事者,左-無,前-無,小破,小破,その他,対象外当事者,その他,対象外当事者,損傷なし,負傷,月,当日,34.490476,135.499044,2019-11-04,10:30,blue
本票,大阪,南堺,0307,負傷,0,1,20260,対象外,0000,145,昼－昼,雨,市街地－人口集中,舗装－乾燥,単路－その他,環状交差点以外 環状交差点以外をいう。,点灯－３灯式,対象外当事者,その他,対象外当事者,その他,単路－9.0m以上,直線－下り,単路（交差点付近を含む）,規制なし,中央分離なし,区分あり－縁石・ブロック等,車両相互,35～44歳,25～34歳,貨物車－準中型車,貨物車－普通車,事業用,自家用,貨物車,貨物車,50㎞／ｈ以下,50㎞／ｈ以下,後-無,前-無,小破,小破,その他,その他,その他,その他,負傷,損傷なし,木,その他,34.464782,135.488355,2019-10-24,12:46,blue
本票,大阪,南堺,0308,負傷,0,1,10370,対象外,0000,145,夜－夜,晴,市街地－人口集中,舗装－乾燥,交差点－その他,環状交差点以外 環状交差点以外をいう。,点灯－３灯式,規制なし,表示なし,規制なし,表示なし,交差点－中（5.5m以上）－中,直線－平坦,交差点内,規制なし,中央分離帯,区分あり－縁石・ブロック等,車両相互,25～34歳,35～44歳,乗用車－普通車,乗用車－普通車,自家用,自家用,乗用車,乗用車,60㎞／ｈ以下,60㎞／ｈ以下,前-無,前-無,小破,小破,その他,その他,その他,その他,損傷なし,負傷,火,その他,34.496433,135.493059,2019-11-05,18:54,blue
本票,大阪,南堺,0309,負傷,0,2,10370,対象外,0000,145,夜－夜,晴,市街地－人口集中,舗装－乾燥,単路－その他,環状交差点以外 環状交差点以外をいう。,施設なし,対象外当事者,その他,対象外当事者,その他,単路－5.5m以上,直線－平坦,単路（交差点付近を含む）,規制なし,中央分離帯,区分あり－縁石・ブロック等,車両相互,45～54歳,25～34歳,乗用車－軽自動車,乗用車－軽自動車,自家用,自家用,乗用車,乗用車,60㎞／ｈ以下,60㎞／ｈ以下,前-無,後-無,小破,小破,その他,その他,その他,その他,損傷なし,負傷,火,その他,34.508794,135.488870,2019-11-05,18:15,blue
本票,大阪,南堺,0310,負傷,0,1,20580,対象外,0000,145,昼－暮,晴,市街地－人口集中,舗装－乾燥,単路－その他,環状交差点以外 環状交差点以外をいう。,施設なし,対象外当事者,その他,対象外当事者,その他,単路－3.5m以上,直線－平坦,単路（交差点付近を含む）,規制なし,中央線－ペイント,区分なし,車両相互,45～54歳,0～24歳,乗用車－普通車,軽車両－自転車,自家用,対象外当事者,乗用車,対象外当事者,40㎞／ｈ以下,対象外当事者,前-無,左-無,小破,小破,その他,対象外当事者,その他,対象外当事者,損傷なし,負傷,水,その他,34.495137,135.478626,2019-10-16,17:04,blue
本票,大阪,南堺,0311,負傷,0,1,30990,対象外,0000,145,昼－昼,晴,市街地－その他,舗装－乾燥,単路－カーブ・屈折,環状交差点以外 環状交差点以外をいう。,施設なし,対象外当事者,その他,対象外当事者,その他,単路－5.5m以上,カーブ・屈折－右－平坦,単路（交差点付近を含む）,規制なし,中央線－ペイント,区分あり－縁石・ブロック等,車両相互,35～44歳,不明,二輪車－自動二輪－原付二種－51～125cc,対象外当事者,自家用,対象外当事者,対象外当事者,対象外当事者,40㎞／ｈ以下,対象外当事者,右-無,無-無,小破,対象外当事者,対象外当事者,対象外当事者,対象外当事者,対象外当事者,負傷,対象外当事者,木,その他,34.482148,135.520016,2019-10-17,08:25,blue
本票,大阪,南堺,0312,負傷,0,1,30990,対象外,0000,145,昼－昼,晴,市街地－人口集中,舗装－乾燥,交差点－その他,環状交差点以外 環状交差点以外をいう。,施設なし,標準－反射式,表示あり,規制なし,表示なし,交差点－小（5.5m未満）－小,直線－平坦,交差点内,規制なし,中央分離なし,区分あり－縁石・ブロック等,車両相互,0～24歳,65～74歳,乗用車－軽自動車,二輪車－原付自転車,自家用,自家用,乗用車,対象外当事者,指定の速度規制なし等,指定の速度規制なし等,前-無,右-無,小破,小破,その他,対象外当事者,その他,対象外当事者,損傷なし,負傷,金,その他,34.492470,135.490107,2019-11-01,11:19,blue
本票,大阪,南堺,0313,負傷,0,1,20570,対象外,0000,145,夜－夜,晴,市街地－人口集中,舗装－乾燥,単路－その他,環状交差点以外 環状交差点以外をいう。,施設なし,対象外当事者,その他,対象外当事者,その他,単路－5.5m以上,直線－平坦,単路（交差点付近を含む）,規制なし,中央分離なし,区分あり－縁石・ブロック等,車両相互,45～54歳,55～64歳,貨物車－大型車,二輪車－自動二輪－原付二種－51～125cc,事業用,自家用,貨物車,対象外当事者,40㎞／ｈ以下,40㎞／ｈ以下,右後-無,前-無,小破,小破,その他,対象外当事者,その他,対象外当事者,損傷なし,負傷,水,その他,34.488865,135.466193,2019-11-06,05:10,blue
本票,大阪,南堺,0314,負傷,0,1,30990,対象外,0000,145,夜－明,晴,市街地－その他,舗装－乾燥,交差点－その他,環状交差点以外 環状交差点以外をいう。,施設なし,規制なし,表示なし,標準－反射式,表示あり,交差点－中（5.5m以上）－中,直線－平坦,交差点内,規制なし,中央分離なし,区分なし,車両相互,65～74歳,35～44歳,乗用車－普通車,軽車両－自転車,自家用,対象外当事者,乗用車,対象外当事者,指定の速度規制なし等,対象外当事者,前-無,左-無,小破,小破,その他,対象外当事者,その他,対象外当事者,損傷なし,負傷,水,その他,34.504536,135.489813,2019-11-13,06:15,blue
本票,大阪,南堺,0315,負傷,0,1,30990,対象外,0000,145,昼－明,晴,市街地－人口集中,舗装－乾燥,単路－その他,環状交差点以外 環状交差点以外をいう。,施設なし,対象外当事者,その他,対象外当事者,その他,単路－3.5m以上,直線－平坦,単路（交差点付近を含む）,規制なし,中央分離なし,区分あり－縁石・ブロック等,車両相互,0～24歳,0～24歳,乗用車－軽自動車,軽車両－駆動補助機付自転車,自家用,対象外当事者,乗用車,対象外当事者,40㎞／ｈ以下,対象外当事者,前-無,右-無,小破,小破,その他,対象外当事者,その他,対象外当事者,損傷なし,負傷,月,その他,34.468093,135.485102,2019-11-18,07:12,blue
本票,大阪,南堺,0316,負傷,0,1,20260,対象外,0000,145,昼－昼,晴,市街地－人口集中,舗装－乾燥,単路－その他,環状交差点以外 環状交差点以外をいう。,施設なし,対象外当事者,その他,対象外当事者,その他,単路－5.5m以上,直線－平坦,単路（交差点付近を含む）,規制なし,中央線－ペイント,区分あり－縁石・ブロック等,車両相互,65～74歳,0～24歳,乗用車－普通車,軽車両－自転車,自家用,対象外当事者,乗用車,対象外当事者,50㎞／ｈ以下,対象外当事者,右-無,左-無,小破,小破,その他,対象外当事者,その他,対象外当事者,損傷なし,負傷,水,その他,34.465957,135.494302,2019-11-20,10:43,blue
本票,大阪,南堺,0317,負傷,0,1,30990,対象外,0000,145,昼－昼,晴,市街地－その他,舗装－乾燥,交差点－その他,環状交差点以外 環状交差点以外をいう。,施設なし,標準－反射式,表示なし,規制なし,表示なし,交差点－中（5.5m以上）－小,直線－平坦,交差点内,規制なし,中央分離なし,区分なし,車両相互,55～64歳,45～54歳,乗用車－軽自動車,二輪車－自動二輪－原付二種－51～125cc,自家用,自家用,乗用車,対象外当事者,指定の速度規制なし等,指定の速度規制なし等,左後-無,前-無,小破,小破,その他,対象外当事者,その他,対象外当事者,損傷なし,負傷,月,その他,34.507654,135.488752,2019-11-18,11:37,blue
本票,大阪,南堺,0318,負傷,0,2,99000,対象外,0000,145,昼－昼,晴,非市街地,舗装－乾燥,一般交通の場所,環状交差点以外 環状交差点以外をいう。,施設なし,対象外当事者,その他,対象外当事者,その他,一般交通の場所,一般交通の場所,その他,規制なし,一般交通の場所,区分なし,車両相互,45～54歳,55～64歳,乗用車－普通車,乗用車－普通車,自家用,自家用,乗用車,乗用車,20㎞／ｈ以下,20㎞／ｈ以下,右前-無,後-無,小破,小破,その他,その他,その他,その他,損傷なし,負傷,土,その他,34.503049,135.491801,2019-11-09,11:24,blue
本票,大阪,南堺,0319,負傷,0,1,30990,対象外,0000,145,昼－昼,晴,市街地－その他,舗装－乾燥,単路－その他,環状交差点以外 環状交差点以外をいう。,施設なし,対象外当事者,その他,対象外当事者,その他,単路－3.5m未満,直線－平坦,単路（交差点付近を含む）,規制なし,中央線－ペイント,区分あり－縁石・ブロック等,車両相互,45～54歳,65～74歳,貨物車－準中型車,乗用車－普通車,自家用,自家用,貨物車,乗用車,30㎞／ｈ以下,30㎞／ｈ以下,前-無,後-無,小破,小破,その他,その他,その他,その他,損傷なし,負傷,金,その他,34.472886,135.476466,2019-11-15,14:18,blue
本票,大阪,南堺,0320,負傷,0,1,20260,対象外,0000,145,夜－暮,晴,市街地－その他,舗装－乾燥,交差点－その他,環状交差点以外 環状交差点以外をいう。,点灯－３灯式,規制なし,表示なし,その他,表示なし,交差点－小（5.5m未満）－小,カーブ・屈折－左－平坦,交差点内,規制なし,中央線－ペイント,区分あり－縁石・ブロック等,車両相互,75歳以上,0～24歳,乗用車－普通車,軽車両－自転車,自家用,対象外当事者,乗用車,対象外当事者,50㎞／ｈ以下,対象外当事者,右前-無,前-無,小破,小破,その他,対象外当事者,その他,対象外当事者,損傷なし,負傷,木,その他,34.464075,135.485915,2019-11-21,17:25,blue
本票,大阪,南堺,0321,負傷,0,1,30990,対象外,0000,145,昼－明,晴,市街地－人口集中,舗装－乾燥,交差点付近－その他,環状交差点以外 環状交差点以外をいう。,施設なし,対象外当事者,その他,対象外当事者,その他,単路－3.5m未満,直線－平坦,単路（交差点付近を含む）,規制なし,中央線－ペイント,区分あり－防護柵等,車両相互,0～24歳,35～44歳,乗用車－軽自動車,乗用車－軽自動車,自家用,自家用,乗用車,乗用車,30㎞／ｈ以下,30㎞／ｈ以下,前-無,後-無,小破,小破,その他,その他,その他,その他,損傷なし,負傷,木,その他,34.479826,135.518627,2019-11-14,07:05,blue
本票,大阪,南堺,0322,負傷,0,1,10240,対象外,0143,145,昼－暮,晴,市街地－人口集中,舗装－乾燥,交差点付近－その他,環状交差点以外 環状交差点以外をいう。,施設なし,対象外当事者,その他,対象外当事者,その他,単路－3.5m未満,直線－平坦,単路（交差点付近を含む）,規制なし,中央分離帯,区分あり－縁石・ブロック等,車両相互,35～44歳,35～44歳,乗用車－普通車,乗用車－普通車,自家用,自家用,乗用車,乗用車,60㎞／ｈ以下,60㎞／ｈ以下,前-無,後-無,小破,小破,その他,その他,その他,その他,損傷なし,負傷,土,その他,34.500817,135.534742,2019-11-16,16:42,blue
本票,大阪,南堺,0323,負傷,0,1,20260,対象外,0040,145,昼－昼,晴,市街地－人口集中,舗装－乾燥,単路－その他,環状交差点以外 環状交差点以外をいう。,点灯－３灯式,対象外当事者,その他,対象外当事者,その他,単路－5.5m以上,直線－平坦,単路（交差点付近を含む）,規制なし,中央線－ペイント,区分あり－縁石・ブロック等,車両相互,0～24歳,35～44歳,乗用車－普通車,貨物車－軽自動車,自家用,自家用,乗用車,貨物車,50㎞／ｈ以下,50㎞／ｈ以下,後-無,前-無,小破,小破,その他,その他,その他,その他,負傷,損傷なし,木,その他,34.500046,135.530451,2019-11-21,10:28,blue
本票,大阪,南堺,0324,負傷,0,1,10600,対象外,0000,145,夜－暮,晴,市街地－その他,舗装－乾燥,単路－その他,環状交差点以外 環状交差点以外をいう。,施設なし,対象外当事者,その他,対象外当事者,その他,単路－5.5m以上,直線－平坦,単路（交差点付近を含む）,規制なし,中央分離なし,区分なし,車両相互,65～74歳,55～64歳,乗用車－軽自動車,二輪車－原付自転車,自家用,自家用,乗用車,対象外当事者,60㎞／ｈ以下,指定の速度規制なし等,右-無,左-無,小破,小破,その他,対象外当事者,その他,対象外当事者,損傷なし,負傷,火,その他,34.496276,135.510857,2019-10-29,17:38,blue
本票,大阪,南堺,0325,負傷,0,1,10370,対象外,0000,145,夜－夜,晴,市街地－その他,舗装－乾燥,単路－その他,環状交差点以外 環状交差点以外をいう。,施設なし,対象外当事者,その他,対象外当事者,その他,単路－5.5m以上,直線－上り,単路（交差点付近を含む）,規制なし,中央分離帯,区分あり－縁石・ブロック等,人対車両,0～24歳,75歳以上,二輪車－原付自転車,歩行者,自家用,対象外当事者,対象外当事者,対象外当事者,指定の速度規制なし等,対象外当事者,前-無,無-無,小破,対象外当事者,対象外当事者,対象外当事者,対象外当事者,対象外当事者,損傷なし,負傷,日,その他,34.483777,135.501964,2019-11-24,00:56,blue