資料区分,都道府県コード,警察署等コード,本票番号,事故内容,死者数,負傷者数,路線コード,上下線,地点コード,市区町村コード,昼夜,天候,地形,路面状態,道路形状,環状交差点の直径,信号機,一時停止規制　標識（当事者A）,一時停止規制　表示（当事者A）,一時停止規制　標識（当事者B）,一時停止規制　表示（当事者B）,車道幅員,道路線形,衝突地点,ゾーン規制,中央分離帯施設等,歩車道区分,事故類型,年齢（当事者A）,年齢（当事者B）,当事者種別（当事者A）,当事者種別（当事者B）,用途別（当事者A）,用途別（当事者B）,車両形状（当事者A）,車両形状（当事者B）,速度規制（指定のみ）（当事者A）,速度規制（指定のみ）（当事者B）,車両の衝突部位（当事者A）,車両の衝突部位（当事者B）,車両の損壊程度（当事者A）,車両の損壊程度（当事者B）,エアバッグの装備（当事者A）,エアバッグの装備（当事者B）,サイドエアバッグの装備（当事者A）,サイドエアバッグの装備（当事者B）,人身損傷程度（当事者A）,人身損傷程度（当事者B）,曜日(発生年月日),祝日(発生年月日),緯度,経度,発生日,発生時,color
本票,大阪,せたな,0514,負傷,0,1,10430,対象外,0090,142,昼－昼,晴,市街地－人口集中,舗装－乾燥,交差点－その他,環状交差点以外 環状交差点以外をいう。,点灯－３灯式,規制なし,表示なし,規制なし,表示なし,交差点－中（5.5m以上）－中,直線－平坦,交差点内,規制なし,中央分離なし,区分あり－縁石・ブロック等,車両相互,75歳以上,35～44歳,乗用車－軽自動車,軽車両－駆動補助機付自転車,自家用,対象外当事者,乗用車,対象外当事者,指定の速度規制なし等,対象外当事者,前-無,右-無,小破,小破,その他,対象外当事者,その他,対象外当事者,損傷なし,負傷,木,その他,34.521334,135.523449,2020-09-03,17:10,blue
本票,大阪,せたな,0515,負傷,0,1,30990,対象外,0000,142,昼－昼,晴,市街地－その他,舗装－乾燥,単路－その他,環状交差点以外 環状交差点以外をいう。,施設なし,対象外当事者,その他,対象外当事者,その他,単路－5.5m以上,直線－平坦,単路（交差点付近を含む）,規制なし,中央分離なし,区分なし,車両相互,45～54歳,0～24歳,乗用車－普通車,二輪車－原付自転車,自家用,自家用,乗用車,対象外当事者,指定の速度規制なし等,指定の速度規制なし等,右-右,前-前,小破,小破,その他,対象外当事者,その他,対象外当事者,損傷なし,負傷,火,その他,34.531811,135.498006,2020-09-01,13:01,blue
本票,大阪,せたな,0516,負傷,0,1,20230,対象外,0000,142,昼－昼,晴,市街地－人口集中,舗装－乾燥,交差点－その他,環状交差点以外 環状交差点以外をいう。,施設なし,標準－反射式,表示なし,規制なし,表示なし,交差点－中（5.5m以上）－小,直線－平坦,交差点内,規制なし,中央線－ペイント,区分あり－縁石・ブロック等,車両相互,45～54歳,25～34歳,乗用車－普通車,軽車両－自転車,事業用,対象外当事者,乗用車,対象外当事者,40㎞／ｈ以下,対象外当事者,前-無,左-無,小破,小破,その他,対象外当事者,その他,対象外当事者,損傷なし,負傷,水,その他,34.546225,135.501296,2020-09-02,09:45,blue
本票,大阪,せたな,0517,負傷,0,1,30990,対象外,0000,144,昼－昼,晴,市街地－人口集中,舗装－乾燥,単路－その他,環状交差点以外 環状交差点以外をいう。,施設なし,対象外当事者,その他,対象外当事者,その他,単路－5.5m以上,直線－平坦,単路（交差点付近を含む）,規制なし,中央線－ペイント,区分あり－防護柵等,車両相互,65～74歳,25～34歳,貨物車－普通車,乗用車－軽自動車,自家用,自家用,貨物車,乗用車,30㎞／ｈ以下,30㎞／ｈ以下,後-無,後-無,小破,小破,その他,その他,その他,その他,損傷なし,負傷,火,その他,34.534007,135.476996,2020-08-18,08:30,blue
本票,大阪,せたな,0518,負傷,0,1,95000,対象外,0000,142,夜－暮,曇,市街地－その他,舗装－乾燥,交差点－その他,環状交差点以外 環状交差点以外をいう。,施設なし,標準－反射式,表示なし,規制なし,表示なし,交差点－中（5.5m以上）－中,直線－平坦,交差点内,規制なし,中央分離なし,区分なし,車両相互,25～34歳,45～54歳,二輪車－原付自転車,軽車両－自転車,自家用,対象外当事者,対象外当事者,対象外当事者,指定の速度規制なし等,対象外当事者,右-無,右-右,小破,小破,対象外当事者,対象外当事者,対象外当事者,対象外当事者,損傷なし,負傷,水,その他,34.517819,135.491061,2020-09-02,19:15,blue
本票,大阪,せたな,0519,負傷,0,3,30990,対象外,0000,142,昼－昼,晴,市街地－人口集中,舗装－乾燥,単路－その他,環状交差点以外 環状交差点以外をいう。,施設なし,対象外当事者,その他,対象外当事者,その他,単路－9.0m以上,直線－平坦,単路（交差点付近を含む）,規制なし,中央線－ペイント,区分あり－縁石・ブロック等,車両相互,55～64歳,45～54歳,貨物車－普通車,乗用車－軽自動車,自家用,自家用,貨物車,乗用車,30㎞／ｈ以下,30㎞／ｈ以下,後-無,前-無,小破,小破,その他,その他,その他,その他,負傷,損傷なし,木,その他,34.541190,135.492687,2020-09-03,08:00,blue
本票,大阪,せたな,0521,負傷,0,2,30990,対象外,0000,144,夜－夜,曇,市街地－人口集中,舗装－乾燥,交差点－その他,環状交差点以外 環状交差点以外をいう。,施設なし,規制なし,表示なし,規制なし,表示なし,交差点－中（5.5m以上）－小,直線－平坦,交差点内,規制なし,中央線－ペイント,区分あり－路側帯,車両相互,45～54歳,0～24歳,二輪車－自動二輪－軽二輪－126～250cc,軽車両－自転車,自家用,対象外当事者,対象外当事者,対象外当事者,30㎞／ｈ以下,対象外当事者,前-無,前-無,小破,小破,対象外当事者,対象外当事者,対象外当事者,対象外当事者,負傷,負傷,土,その他,34.545318,135.477032,2020-08-29,21:39,blue
本票,大阪,せたな,0522,負傷,0,1,10240,対象外,0067,142,昼－昼,雨,市街地－人口集中,舗装－湿潤,単路－その他,環状交差点以外 環状交差点以外をいう。,施設なし,対象外当事者,その他,対象外当事者,その他,単路－9.0m以上,直線－下り,単路（交差点付近を含む）,規制なし,中央分離帯,区分あり－防護柵等,車両相互,25～34歳,0～24歳,乗用車－普通車,乗用車－普通車,自家用,自家用,乗用車,乗用車,指定の速度規制なし等,指定の速度規制なし等,前-無,後-無,小破,小破,その他,その他,その他,その他,損傷なし,負傷,日,その他,34.541211,135.490124,2020-09-06,16:31,blue
本票,大阪,せたな,0523,負傷,0,1,10240,対象外,0000,142,昼－昼,晴,市街地－その他,舗装－乾燥,単路－その他,環状交差点以外 環状交差点以外をいう。,施設なし,対象外当事者,その他,対象外当事者,その他,単路－5.5m以上,直線－平坦,単路（交差点付近を含む）,規制なし,中央分離帯,区分なし,車両相互,25～34歳,65～74歳,乗用車－普通車,乗用車－軽自動車,自家用,自家用,乗用車,乗用車,60㎞／ｈ以下,60㎞／ｈ以下,前-左前,後-左後,小破,小破,その他,その他,その他,その他,損傷なし,負傷,火,その他,34.507735,135.509706,2020-09-08,08:23,blue
本票,大阪,せたな,0524,負傷,0,1,30990,対象外,0000,142,昼－昼,晴,市街地－人口集中,舗装－乾燥,単路－その他,環状交差点以外 環状交差点以外をいう。,施設なし,対象外当事者,その他,対象外当事者,その他,単路－5.5m以上,直線－平坦,単路（交差点付近を含む）,規制なし,中央分離なし,区分なし,車両相互,55～64歳,0～24歳,乗用車－軽自動車,二輪車－自動二輪－原付二種－51～125cc,自家用,自家用,乗用車,対象外当事者,指定の速度規制なし等,指定の速度規制なし等,後-無,前-無,小破,小破,その他,対象外当事者,その他,対象外当事者,損傷なし,負傷,火,その他,34.534091,135.484961,2020-09-08,10:10,blue
本票,大阪,せたな,0525,負傷,0,1,10370,対象外,0000,142,昼－昼,晴,市街地－その他,舗装－乾燥,単路－その他,環状交差点以外 環状交差点以外をいう。,施設なし,対象外当事者,その他,対象外当事者,その他,単路－5.5m以上,直線－平坦,単路（交差点付近を含む）,ゾーン30,中央分離帯,区分あり－縁石・ブロック等,車両相互,45～54歳,35～44歳,乗用車－普通車,二輪車－自動二輪－原付二種－51～125cc,事業用,自家用,乗用車,対象外当事者,60㎞／ｈ以下,60㎞／ｈ以下,後-右後,前-無,小破,中破,その他,対象外当事者,その他,対象外当事者,負傷,損傷なし,木,その他,34.528947,135.470438,2020-09-03,08:31,blue
本票,大阪,せたな,0526,負傷,0,1,99000,対象外,0000,144,昼－昼,晴,市街地－人口集中,舗装－乾燥,一般交通の場所,環状交差点以外 環状交差点以外をいう。,施設なし,対象外当事者,その他,対象外当事者,その他,一般交通の場所,一般交通の場所,その他,規制なし,一般交通の場所,区分なし,人対車両,75歳以上,25～34歳,貨物車－中型車,歩行者,自家用,対象外当事者,貨物車,対象外当事者,指定の速度規制なし等,対象外当事者,右-無,無-無,小破,対象外当事者,その他,対象外当事者,その他,対象外当事者,損傷なし,負傷,火,その他,34.547745,135.458614,2020-09-01,12:11,blue
本票,大阪,せたな,0527,負傷,0,1,30990,対象外,0000,144,昼－昼,晴,市街地－人口集中,舗装－乾燥,交差点－その他,環状交差点以外 環状交差点以外をいう。,施設なし,規制なし,表示なし,規制なし,表示なし,交差点－中（5.5m以上）－中,直線－平坦,交差点内,規制なし,中央分離なし,区分あり－路側帯,車両相互,35～44歳,25～34歳,乗用車－普通車,軽車両－駆動補助機付自転車,自家用,対象外当事者,乗用車,対象外当事者,指定の速度規制なし等,対象外当事者,右前-無,前-無,小破,小破,その他,対象外当事者,その他,対象外当事者,損傷なし,負傷,土,その他,34.531967,135.451858,2020-09-05,11:16,blue
本票,大阪,せたな,0528,負傷,0,1,10190,対象外,0000,142,夜－夜,曇,市街地－人口集中,舗装－乾燥,交差点－その他,環状交差点以外 環状交差点以外をいう。,施設なし,規制なし,表示なし,標準－反射式,表示なし,交差点－中（5.5m以上）－小,直線－平坦,交差点内,規制なし,中央分離なし,区分なし,車両相互,55～64歳,55～64歳,乗用車－軽自動車,軽車両－自転車,自家用,対象外当事者,乗用車,対象外当事者,60㎞／ｈ以下,対象外当事者,前-右前,前-無,小破,小破,その他,対象外当事者,その他,対象外当事者,損傷なし,負傷,金,その他,34.524675,135.500935,2020-09-04,19:52,blue
本票,大阪,せたな,0529,負傷,0,1,10240,対象外,0056,144,昼－昼,晴,市街地－人口集中,舗装－乾燥,交差点－その他,環状交差点以外 環状交差点以外をいう。,点灯－歩車分式,規制なし,表示なし,規制なし,表示なし,交差点－中（5.5m以上）－中,直線－平坦,交差点内,規制なし,中央分離なし,区分あり－防護柵等,車両相互,45～54歳,45～54歳,貨物車－大型車,乗用車－軽自動車,事業用,自家用,貨物車,乗用車,指定の速度規制なし等,指定の速度規制なし等,前-無,後-無,小破,小破,その他,その他,その他,その他,損傷なし,負傷,月,その他,34.548720,135.483995,2020-08-24,10:00,blue
本票,大阪,せたな,0530,負傷,0,1,10430,対象外,0094,142,昼－暮,晴,市街地－人口集中,舗装－乾燥,交差点－その他,環状交差点以外 環状交差点以外をいう。,点灯－３灯式,規制なし,表示なし,規制なし,表示なし,交差点－中（5.5m以上）－中,直線－平坦,交差点内,規制なし,中央分離なし,区分あり－路側帯,車両相互,25～34歳,55～64歳,乗用車－普通車,乗用車－軽自動車,自家用,自家用,乗用車,乗用車,40㎞／ｈ以下,40㎞／ｈ以下,後-無,前-無,小破,小破,その他,その他,その他,その他,負傷,損傷なし,木,その他,34.521865,135.527608,2020-08-06,18:15,blue
本票,大阪,せたな,0531,負傷,0,1,20580,対象外,0000,144,昼－昼,晴,市街地－人口集中,舗装－乾燥,交差点－その他,環状交差点以外 環状交差点以外をいう。,施設なし,規制なし,表示なし,規制なし,表示なし,交差点－中（5.5m以上）－中,直線－平坦,交差点内,規制なし,中央線－ペイント,区分なし,車両相互,45～54歳,0～24歳,貨物車－普通車,軽車両－自転車,自家用,対象外当事者,貨物車,対象外当事者,40㎞／ｈ以下,対象外当事者,左前-左,前-右,小破,小破,その他,対象外当事者,その他,対象外当事者,損傷なし,負傷,月,その他,34.510857,135.476025,2020-08-31,16:17,blue
本票,大阪,せたな,0532,負傷,0,2,20240,対象外,0000,144,夜－夜,曇,市街地－人口集中,舗装－乾燥,単路－その他,環状交差点以外 環状交差点以外をいう。,施設なし,対象外当事者,その他,対象外当事者,その他,単路－19.5m以上,直線－平坦,単路（交差点付近を含む）,規制なし,中央線－ペイント,区分あり－縁石・ブロック等,車両相互,45～54歳,55～64歳,乗用車－軽自動車,貨物車－軽自動車,自家用,自家用,乗用車,貨物車,50㎞／ｈ以下,50㎞／ｈ以下,右-無,左前-無,大破,小破,その他,その他,その他,その他,損傷なし,負傷,木,その他,34.562047,135.453133,2020-09-03,22:35,blue
本票,大阪,せたな,0533,負傷,0,1,00260,下,0209,144,昼－昼,曇,市街地－その他,舗装－乾燥,交差点－その他,環状交差点以外 環状交差点以外をいう。,点灯－３灯式,規制なし,表示なし,規制なし,表示なし,交差点－大（13.0ｍ以上）－中,直線－平坦,交差点内,規制なし,中央分離帯,区分あり－縁石・ブロック等,車両相互,55～64歳,0～24歳,乗用車－普通車,軽車両－自転車,自家用,対象外当事者,乗用車,対象外当事者,60㎞／ｈ以下,対象外当事者,前-右前,前-前,小破,小破,その他,対象外当事者,その他,対象外当事者,損傷なし,負傷,金,その他,34.525963,135.450792,2020-09-11,16:20,blue
本票,大阪,せたな,0534,負傷,0,1,10240,対象外,0000,142,夜－暮,晴,市街地－その他,舗装－乾燥,単路－その他,環状交差点以外 環状交差点以外をいう。,施設なし,対象外当事者,その他,対象外当事者,その他,単路－5.5m以上,直線－平坦,単路（交差点付近を含む）,規制なし,中央分離帯,区分あり－路側帯,車両相互,25～34歳,35～44歳,乗用車－軽自動車,乗用車－軽自動車,自家用,自家用,乗用車,乗用車,60㎞／ｈ以下,60㎞／ｈ以下,無-無,無-無,損壊なし,損壊なし,その他,その他,その他,その他,損傷なし,負傷,木,その他,34.521569,135.501597,2020-08-20,18:44,blue
本票,大阪,せたな,0535,負傷,0,1,10240,対象外,0000,144,昼－昼,晴,市街地－その他,舗装－乾燥,単路－その他,環状交差点以外 環状交差点以外をいう。,施設なし,対象外当事者,その他,対象外当事者,その他,単路－5.5m以上,直線－平坦,単路（交差点付近を含む）,規制なし,中央分離帯,区分あり－縁石・ブロック等,車両相互,45～54歳,65～74歳,乗用車－普通車,乗用車－軽自動車,自家用,自家用,乗用車,乗用車,50㎞／ｈ以下,60㎞／ｈ以下,左-左,右-右,小破,小破,その他,その他,その他,その他,負傷,損傷なし,木,その他,34.549476,135.481706,2020-08-20,09:20,blue
本票,大阪,せたな,0536,負傷,0,1,10240,対象外,0000,144,昼－昼,晴,市街地－その他,舗装－乾燥,単路－その他,環状交差点以外 環状交差点以外をいう。,施設なし,対象外当事者,その他,対象外当事者,その他,単路－9.0m以上,直線－平坦,単路（交差点付近を含む）,規制なし,中央分離帯,区分あり－縁石・ブロック等,車両相互,55～64歳,55～64歳,乗用車－軽自動車,貨物車－軽自動車,自家用,自家用,乗用車,貨物車,60㎞／ｈ以下,60㎞／ｈ以下,前-前,後-後,小破,小破,その他,その他,その他,その他,損傷なし,負傷,火,その他,34.558811,135.461364,2020-09-01,11:13,blue
本票,大阪,せたな,0537,負傷,0,1,30990,対象外,0000,142,昼－昼,晴,市街地－人口集中,舗装－乾燥,交差点－その他,環状交差点以外 環状交差点以外をいう。,点灯－３灯式,規制なし,表示なし,規制なし,表示なし,交差点－中（5.5m以上）－中,直線－平坦,交差点内,規制なし,中央線－ペイント,区分あり－縁石・ブロック等,車両相互,45～54歳,0～24歳,乗用車－普通車,二輪車－原付自転車,自家用,自家用,乗用車,対象外当事者,40㎞／ｈ以下,指定の速度規制なし等,前-無,後-無,小破,小破,その他,対象外当事者,その他,対象外当事者,損傷なし,負傷,火,その他,34.532810,135.509273,2020-09-08,07:22,blue
本票,大阪,せたな,0538,負傷,0,1,30990,対象外,0000,144,昼－昼,晴,市街地－その他,舗装－乾燥,単路－その他,環状交差点以外 環状交差点以外をいう。,施設なし,対象外当事者,その他,対象外当事者,その他,単路－3.5m以上,直線－平坦,単路（交差点付近を含む）,規制なし,中央分離帯,区分あり－縁石・ブロック等,車両相互,45～54歳,35～44歳,乗用車－普通車,軽車両－自転車,自家用,対象外当事者,乗用車,対象外当事者,指定の速度規制なし等,対象外当事者,前-右前,前-左,小破,小破,その他,対象外当事者,その他,対象外当事者,損傷なし,負傷,月,その他,34.524905,135.455367,2020-09-07,14:42,blue
本票,大阪,せたな,0539,負傷,0,1,10430,対象外,0000,142,昼－昼,曇,市街地－人口集中,舗装－乾燥,単路－その他,環状交差点以外 環状交差点以外をいう。,故障,対象外当事者,その他,対象外当事者,その他,単路－5.5m以上,直線－平坦,単路（交差点付近を含む）,規制なし,中央分離なし,区分なし,車両相互,65～74歳,55～64歳,乗用車－普通車,貨物車－軽自動車,事業用,自家用,乗用車,貨物車,40㎞／ｈ以下,40㎞／ｈ以下,後-無,前-無,小破,小破,その他,その他,その他,その他,負傷,損傷なし,金,その他,34.521885,135.527746,2020-09-11,15:15,blue
本票,大阪,せたな,0540,負傷,0,1,30990,対象外,0000,142,昼－暮,曇,市街地－人口集中,舗装－乾燥,単路－その他,環状交差点以外 環状交差点以外をいう。,施設なし,対象外当事者,その他,対象外当事者,その他,単路－9.0m以上,直線－平坦,単路（交差点付近を含む）,規制なし,中央線－ペイント,区分あり－縁石・ブロック等,車両相互,25～34歳,25～34歳,乗用車－普通車,乗用車－普通車,自家用,自家用,乗用車,乗用車,30㎞／ｈ以下,30㎞／ｈ以下,右-無,右-無,小破,小破,その他,その他,その他,その他,損傷なし,負傷,金,その他,34.528083,135.469383,2020-09-04,17:28,blue
本票,大阪,せたな,0541,負傷,0,1,10190,対象外,0033,142,昼－昼,曇,市街地－人口集中,舗装－乾燥,交差点付近－その他,環状交差点以外 環状交差点以外をいう。,施設なし,対象外当事者,その他,対象外当事者,その他,単路－9.0m以上,直線－平坦,単路（交差点付近を含む）,規制なし,中央分離帯,区分あり－縁石・ブロック等,車両相互,45～54歳,65～74歳,乗用車－軽自動車,貨物車－軽自動車,自家用,事業用,乗用車,貨物車,60㎞／ｈ以下,60㎞／ｈ以下,後-無,前-無,小破,小破,その他,その他,その他,その他,負傷,損傷なし,金,その他,34.524815,135.502512,2020-09-11,12:38,blue
本票,大阪,せたな,0542,負傷,0,2,30990,対象外,0000,144,昼－昼,曇,市街地－人口集中,舗装－乾燥,単路－その他,環状交差点以外 環状交差点以外をいう。,施設なし,対象外当事者,その他,対象外当事者,その他,単路－5.5m以上,直線－平坦,単路（交差点付近を含む）,規制なし,中央分離帯,区分あり－縁石・ブロック等,車両相互,35～44歳,45～54歳,乗用車－普通車,乗用車－普通車,自家用,自家用,乗用車,乗用車,指定の速度規制なし等,指定の速度規制なし等,前-無,後-無,小破,小破,その他,その他,その他,その他,損傷なし,負傷,金,その他,34.525974,135.451238,2020-09-11,16:40,blue
本票,大阪,せたな,0543,負傷,0,1,30990,対象外,0000,144,昼－暮,曇,市街地－人口集中,舗装－乾燥,単路－その他,環状交差点以外 環状交差点以外をいう。,施設なし,対象外当事者,その他,対象外当事者,その他,単路－3.5m以上,直線－平坦,単路（交差点付近を含む）,規制なし,中央分離なし,区分あり－路側帯,車両相互,55～64歳,45～54歳,乗用車－普通車,軽車両－自転車,自家用,対象外当事者,乗用車,対象外当事者,指定の速度規制なし等,対象外当事者,左-無,右-無,小破,小破,その他,対象外当事者,その他,対象外当事者,損傷なし,負傷,木,その他,34.540717,135.444641,2020-09-10,17:34,blue
本票,大阪,せたな,0544,負傷,0,1,10070,対象外,0000,144,昼－昼,晴,市街地－人口集中,舗装－乾燥,単路－その他,環状交差点以外 環状交差点以外をいう。,施設なし,対象外当事者,その他,対象外当事者,その他,単路－5.5m以上,直線－平坦,単路（交差点付近を含む）,規制なし,中央分離帯,区分あり－縁石・ブロック等,車両相互,25～34歳,0～24歳,乗用車－普通車,軽車両－自転車,自家用,対象外当事者,乗用車,対象外当事者,指定の速度規制なし等,対象外当事者,左前-左前,前-右,小破,中破,その他,対象外当事者,その他,対象外当事者,損傷なし,負傷,火,その他,34.541227,135.476432,2020-09-15,12:11,blue
本票,大阪,せたな,0545,負傷,0,1,10240,対象外,0092,142,昼－昼,晴,市街地－人口集中,舗装－乾燥,交差点－その他,環状交差点以外 環状交差点以外をいう。,点灯－３灯式,規制なし,表示なし,規制なし,表示なし,交差点－大（13.0ｍ以上）－大,直線－平坦,交差点内,規制なし,中央分離帯,区分あり－防護柵等,車両相互,25～34歳,0～24歳,乗用車－軽自動車,二輪車－原付自転車,自家用,自家用,乗用車,対象外当事者,60㎞／ｈ以下,30㎞／ｈ以下,左-無,右-無,小破,小破,その他,対象外当事者,その他,対象外当事者,負傷,損傷なし,木,その他,34.524235,135.500191,2020-08-06,12:35,blue
本票,大阪,せたな,0546,負傷,0,1,30990,対象外,0000,142,昼－昼,曇,市街地－人口集中,舗装－乾燥,単路－その他,環状交差点以外 環状交差点以外をいう。,点灯－３灯式,対象外当事者,その他,対象外当事者,その他,単路－5.5m以上,直線－平坦,単路（交差点付近を含む）,規制なし,中央分離帯,区分あり－縁石・ブロック等,車両相互,45～54歳,25～34歳,貨物車－普通車,乗用車－軽自動車,自家用,自家用,貨物車,乗用車,40㎞／ｈ以下,40㎞／ｈ以下,前-無,後-無,小破,小破,その他,その他,その他,その他,損傷なし,負傷,木,その他,34.532716,135.498318,2020-09-10,10:24,blue
本票,大阪,せたな,0547,負傷,0,1,20230,対象外,0000,142,昼－昼,曇,市街地－その他,舗装－乾燥,単路－その他,環状交差点以外 環状交差点以外をいう。,施設なし,対象外当事者,その他,対象外当事者,その他,単路－5.5m以上,直線－平坦,単路（交差点付近を含む）,規制なし,中央線－ペイント,区分なし,車両相互,45～54歳,55～64歳,乗用車－普通車,貨物車－軽自動車,自家用,自家用,乗用車,貨物車,30㎞／ｈ以下,30㎞／ｈ以下,左-無,左前-無,小破,小破,その他,その他,その他,その他,負傷,損傷なし,水,その他,34.531167,135.507688,2020-09-16,08:12,blue
本票,大阪,せたな,0548,負傷,0,1,30990,対象外,0000,144,昼－昼,晴,市街地－人口集中,舗装－乾燥,交差点－その他,環状交差点以外 環状交差点以外をいう。,施設なし,規制なし,表示なし,規制なし,表示なし,交差点－中（5.5m以上）－小,直線－平坦,交差点内,規制なし,中央分離なし,区分なし,車両相互,55～64歳,0～24歳,貨物車－普通車,軽車両－自転車,自家用,対象外当事者,貨物車,対象外当事者,50㎞／ｈ以下,対象外当事者,前-無,前-無,小破,小破,その他,対象外当事者,その他,対象外当事者,損傷なし,負傷,火,その他,34.508040,135.482917,2020-09-15,15:30,blue
本票,大阪,せたな,0549,負傷,0,1,00260,対象外,0000,144,昼－昼,晴,市街地－その他,舗装－乾燥,単路－その他,環状交差点以外 環状交差点以外をいう。,施設なし,対象外当事者,その他,対象外当事者,その他,単路－13.0m以上,直線－平坦,単路（交差点付近を含む）,規制なし,中央分離帯,区分あり－防護柵等,車両相互,45～54歳,35～44歳,乗用車－普通車,二輪車－自動二輪－小型二輪－401～750ｃｃ,自家用,自家用,乗用車,対象外当事者,60㎞／ｈ以下,60㎞／ｈ以下,左-左,前-前,小破,小破,その他,対象外当事者,その他,対象外当事者,損傷なし,負傷,火,その他,34.547739,135.458696,2020-09-08,08:46,blue
本票,大阪,せたな,0550,負傷,0,1,10240,対象外,0000,142,昼－昼,雨,市街地－その他,舗装－湿潤,交差点付近－その他,環状交差点以外 環状交差点以外をいう。,施設なし,対象外当事者,その他,対象外当事者,その他,単路－9.0m以上,直線－平坦,単路（交差点付近を含む）,規制なし,中央分離帯,区分あり－縁石・ブロック等,車両相互,45～54歳,35～44歳,貨物車－普通車,貨物車－軽自動車,自家用,自家用,貨物車,貨物車,50㎞／ｈ以下,50㎞／ｈ以下,前-無,後-無,小破,小破,その他,その他,その他,その他,損傷なし,負傷,水,その他,34.523325,135.500089,2020-09-09,08:45,blue
本票,大阪,せたな,0551,負傷,0,1,30990,対象外,0000,142,昼－昼,晴,市街地－人口集中,舗装－乾燥,交差点－その他,環状交差点以外 環状交差点以外をいう。,施設なし,規制なし,表示なし,標準－反射式,表示あり,交差点－中（5.5m以上）－小,直線－平坦,交差点内,規制なし,中央分離なし,区分なし,車両相互,35～44歳,0～24歳,乗用車－普通車,軽車両－自転車,自家用,対象外当事者,乗用車,対象外当事者,30㎞／ｈ以下,対象外当事者,右前-無,前-無,小破,小破,その他,対象外当事者,その他,対象外当事者,損傷なし,負傷,土,その他,34.523739,135.494339,2020-09-12,07:35,blue
本票,大阪,せたな,0552,負傷,0,1,10030,対象外,0000,144,昼－昼,雨,市街地－人口集中,舗装－湿潤,交差点－その他,環状交差点以外 環状交差点以外をいう。,点灯－３灯式,規制なし,表示なし,規制なし,表示なし,交差点－中（5.5m以上）－中,直線－平坦,交差点内,規制なし,中央線－ペイント,区分あり－防護柵等,車両相互,65～74歳,25～34歳,乗用車－普通車,二輪車－自動二輪－軽二輪－126～250cc,自家用,自家用,乗用車,対象外当事者,30㎞／ｈ以下,40㎞／ｈ以下,前-無,前-無,小破,小破,その他,対象外当事者,その他,対象外当事者,損傷なし,負傷,火,その他,34.533269,135.463278,2020-09-08,06:39,blue
本票,大阪,せたな,0553,負傷,0,1,03100,対象外,0000,142,昼－昼,晴,市街地－人口集中,舗装－乾燥,単路－その他,環状交差点以外 環状交差点以外をいう。,施設なし,対象外当事者,その他,対象外当事者,その他,単路－5.5m以上,直線－平坦,単路（交差点付近を含む）,規制なし,中央線－ペイント,区分あり－縁石・ブロック等,車両相互,65～74歳,75歳以上,乗用車－普通車,二輪車－原付自転車,自家用,自家用,乗用車,対象外当事者,40㎞／ｈ以下,30㎞／ｈ以下,右前-無,右-無,小破,小破,その他,対象外当事者,その他,対象外当事者,損傷なし,負傷,月,その他,34.537328,135.515955,2020-09-14,11:55,blue
本票,大阪,せたな,0554,負傷,0,1,20240,対象外,0000,144,昼－昼,曇,市街地－その他,舗装－乾燥,交差点－その他,環状交差点以外 環状交差点以外をいう。,施設なし,規制なし,表示なし,規制なし,表示なし,交差点－大（13.0ｍ以上）－小,直線－平坦,交差点内,規制なし,中央分離帯,区分あり－縁石・ブロック等,車両相互,35～44歳,0～24歳,乗用車－普通車,二輪車－自動二輪－原付二種－51～125cc,自家用,自家用,乗用車,対象外当事者,20㎞／ｈ以下,30㎞／ｈ以下,左-左前,前-右,小破,小破,その他,対象外当事者,その他,対象外当事者,損傷なし,負傷,水,その他,34.553985,135.448700,2020-09-09,07:30,blue
本票,大阪,せたな,0555,負傷,0,1,10530,対象外,0000,144,昼－昼,晴,市街地－人口集中,舗装－乾燥,交差点－その他,環状交差点以外 環状交差点以外をいう。,施設なし,規制なし,表示なし,規制なし,表示なし,交差点－中（5.5m以上）－小,直線－平坦,交差点内,規制なし,中央分離帯,区分あり－縁石・ブロック等,車両相互,55～64歳,45～54歳,乗用車－軽自動車,二輪車－自動二輪－小型二輪－751ｃｃ以上,自家用,自家用,乗用車,対象外当事者,40㎞／ｈ以下,40㎞／ｈ以下,左後-無,前-無,小破,小破,その他,対象外当事者,その他,対象外当事者,損傷なし,負傷,火,その他,34.537258,135.461212,2020-09-08,11:10,blue
本票,大阪,せたな,0556,負傷,0,1,00260,下,0209,144,夜－暮,曇,市街地－人口集中,舗装－湿潤,交差点－その他,環状交差点以外 環状交差点以外をいう。,点灯－３灯式,規制なし,表示なし,規制なし,表示なし,交差点－大（13.0ｍ以上）－大,直線－平坦,交差点内,規制なし,中央分離なし,区分あり－防護柵等,車両相互,55～64歳,55～64歳,乗用車－軽自動車,乗用車－軽自動車,自家用,自家用,乗用車,乗用車,60㎞／ｈ以下,60㎞／ｈ以下,前-無,後-無,小破,小破,その他,その他,その他,その他,損傷なし,負傷,土,その他,34.526281,135.451065,2020-09-05,18:40,blue
本票,大阪,せたな,0557,負傷,0,1,00260,対象外,0000,144,昼－昼,晴,市街地－その他,舗装－乾燥,単路－その他,環状交差点以外 環状交差点以外をいう。,施設なし,対象外当事者,その他,対象外当事者,その他,単路－9.0m以上,直線－平坦,単路（交差点付近を含む）,規制なし,中央分離帯,区分あり－縁石・ブロック等,車両相互,35～44歳,45～54歳,乗用車－普通車,貨物車－軽自動車,自家用,自家用,乗用車,貨物車,指定の速度規制なし等,指定の速度規制なし等,後-無,前-無,小破,小破,その他,その他,その他,その他,負傷,損傷なし,水,その他,34.532127,135.452463,2020-09-16,08:13,blue